image_path,fuel_flow,diluent_flow
data\images\1000_1200\IMG_6611.JPG,1200.0,1000.0
data\images\1000_1200\IMG_6612.JPG,1200.0,1000.0
data\images\1000_1200\IMG_6613.JPG,1200.0,1000.0
data\images\1000_1200\IMG_6614.JPG,1200.0,1000.0
data\images\1000_1200\IMG_6615.JPG,1200.0,1000.0
data\images\1000_1200\IMG_6616.JPG,1200.0,1000.0
data\images\1000_1200\IMG_6617.JPG,1200.0,1000.0
data\images\1000_1200\IMG_6618.JPG,1200.0,1000.0
data\images\1000_1200\IMG_6619.JPG,1200.0,1000.0
data\images\1000_1200\IMG_6620.JPG,1200.0,1000.0
data\images\1000_1200\IMG_6621.JPG,1200.0,1000.0
data\images\1000_1200\IMG_6622.JPG,1200.0,1000.0
data\images\1000_1200\IMG_6623.JPG,1200.0,1000.0
data\images\1000_1200\IMG_6624.JPG,1200.0,1000.0
data\images\1000_1200\IMG_6625.JPG,1200.0,1000.0
data\images\1000_1200\IMG_6626.JPG,1200.0,1000.0
data\images\1000_1200\IMG_6627.JPG,1200.0,1000.0
data\images\1000_1200\IMG_6628.JPG,1200.0,1000.0
data\images\1000_1200\IMG_6629.JPG,1200.0,1000.0
data\images\1000_1200\IMG_6630.JPG,1200.0,1000.0
data\images\1000_1200\IMG_6631.JPG,1200.0,1000.0
data\images\1000_1200\IMG_6632.JPG,1200.0,1000.0
data\images\1000_1200\IMG_6633.JPG,1200.0,1000.0
data\images\1000_1200\IMG_6634.JPG,1200.0,1000.0
data\images\1000_1200\IMG_6635.JPG,1200.0,1000.0
data\images\1000_1200\IMG_6636.JPG,1200.0,1000.0
data\images\1000_1200\IMG_6637.JPG,1200.0,1000.0
data\images\1000_1200\IMG_6638.JPG,1200.0,1000.0
data\images\1000_1200\IMG_6639.JPG,1200.0,1000.0
data\images\1000_1200\IMG_6640.JPG,1200.0,1000.0
data\images\1000_1200\IMG_6641.JPG,1200.0,1000.0
data\images\1000_1200\IMG_6642.JPG,1200.0,1000.0
data\images\1000_1200\IMG_6643.JPG,1200.0,1000.0
data\images\1000_1200\IMG_6644.JPG,1200.0,1000.0
data\images\1000_1200\IMG_6645.JPG,1200.0,1000.0
data\images\1000_1200\IMG_6646.JPG,1200.0,1000.0
data\images\1000_1400\IMG_6648.JPG,1400.0,1000.0
data\images\1000_1400\IMG_6649.JPG,1400.0,1000.0
data\images\1000_1400\IMG_6650.JPG,1400.0,1000.0
data\images\1000_1400\IMG_6651.JPG,1400.0,1000.0
data\images\1000_1400\IMG_6652.JPG,1400.0,1000.0
data\images\1000_1400\IMG_6653.JPG,1400.0,1000.0
data\images\1000_1400\IMG_6654.JPG,1400.0,1000.0
data\images\1000_1400\IMG_6655.JPG,1400.0,1000.0
data\images\1000_1400\IMG_6656.JPG,1400.0,1000.0
data\images\1000_1400\IMG_6657.JPG,1400.0,1000.0
data\images\1000_1400\IMG_6658.JPG,1400.0,1000.0
data\images\1000_1400\IMG_6659.JPG,1400.0,1000.0
data\images\1000_1400\IMG_6660.JPG,1400.0,1000.0
data\images\1000_1400\IMG_6661.JPG,1400.0,1000.0
data\images\1000_1400\IMG_6662.JPG,1400.0,1000.0
data\images\1000_1400\IMG_6663.JPG,1400.0,1000.0
data\images\1000_1400\IMG_6664.JPG,1400.0,1000.0
data\images\1000_1400\IMG_6665.JPG,1400.0,1000.0
data\images\1000_1400\IMG_6666.JPG,1400.0,1000.0
data\images\1000_1400\IMG_6667.JPG,1400.0,1000.0
data\images\1000_1400\IMG_6668.JPG,1400.0,1000.0
data\images\1000_1400\IMG_8316.JPG,1400.0,1000.0
data\images\1000_1400\IMG_8317.JPG,1400.0,1000.0
data\images\1000_1400\IMG_8318.JPG,1400.0,1000.0
data\images\1000_1400\IMG_8319.JPG,1400.0,1000.0
data\images\1000_1400\IMG_8320.JPG,1400.0,1000.0
data\images\1000_1400\IMG_8321.JPG,1400.0,1000.0
data\images\1000_1400\IMG_8322.JPG,1400.0,1000.0
data\images\1000_1400\IMG_8323.JPG,1400.0,1000.0
data\images\1000_1400\IMG_8324.JPG,1400.0,1000.0
data\images\1000_1400\IMG_8325.JPG,1400.0,1000.0
data\images\1000_1400\IMG_8326.JPG,1400.0,1000.0
data\images\1000_1400\IMG_8327.JPG,1400.0,1000.0
data\images\1000_1400\IMG_8328.JPG,1400.0,1000.0
data\images\1000_1400\IMG_8329.JPG,1400.0,1000.0
data\images\1000_1400\IMG_8330.JPG,1400.0,1000.0
data\images\1000_1600\IMG_6670.JPG,1600.0,1000.0
data\images\1000_1600\IMG_6671.JPG,1600.0,1000.0
data\images\1000_1600\IMG_6672.JPG,1600.0,1000.0
data\images\1000_1600\IMG_6673.JPG,1600.0,1000.0
data\images\1000_1600\IMG_6674.JPG,1600.0,1000.0
data\images\1000_1600\IMG_6675.JPG,1600.0,1000.0
data\images\1000_1600\IMG_6676.JPG,1600.0,1000.0
data\images\1000_1600\IMG_6677.JPG,1600.0,1000.0
data\images\1000_1600\IMG_6678.JPG,1600.0,1000.0
data\images\1000_1600\IMG_6679.JPG,1600.0,1000.0
data\images\1000_1600\IMG_6680.JPG,1600.0,1000.0
data\images\1000_1600\IMG_6681.JPG,1600.0,1000.0
data\images\1000_1600\IMG_6682.JPG,1600.0,1000.0
data\images\1000_1600\IMG_6683.JPG,1600.0,1000.0
data\images\1000_1600\IMG_6684.JPG,1600.0,1000.0
data\images\1000_1600\IMG_6685.JPG,1600.0,1000.0
data\images\1000_1600\IMG_6686.JPG,1600.0,1000.0
data\images\1000_1600\IMG_6687.JPG,1600.0,1000.0
data\images\1000_1600\IMG_6688.JPG,1600.0,1000.0
data\images\1000_1600\IMG_6689.JPG,1600.0,1000.0
data\images\1000_1600\IMG_6690.JPG,1600.0,1000.0
data\images\1000_1600\IMG_6691.JPG,1600.0,1000.0
data\images\1000_1600\IMG_6692.JPG,1600.0,1000.0
data\images\1000_1600\IMG_6693.JPG,1600.0,1000.0
data\images\1000_1600\IMG_6694.JPG,1600.0,1000.0
data\images\1000_1600\IMG_6695.JPG,1600.0,1000.0
data\images\1000_1600\IMG_6696.JPG,1600.0,1000.0
data\images\1000_1600\IMG_6697.JPG,1600.0,1000.0
data\images\1000_1600\IMG_6698.JPG,1600.0,1000.0
data\images\1000_1600\IMG_6699.JPG,1600.0,1000.0
data\images\1000_1600\IMG_6700.JPG,1600.0,1000.0
data\images\1000_1600\IMG_6701.JPG,1600.0,1000.0
data\images\1000_1600\IMG_6702.JPG,1600.0,1000.0
data\images\1000_1600\IMG_6703.JPG,1600.0,1000.0
data\images\1000_1600\IMG_8302.JPG,1600.0,1000.0
data\images\1000_1600\IMG_8303.JPG,1600.0,1000.0
data\images\1000_1600\IMG_8304.JPG,1600.0,1000.0
data\images\1000_1600\IMG_8305.JPG,1600.0,1000.0
data\images\1000_1600\IMG_8306.JPG,1600.0,1000.0
data\images\1000_1600\IMG_8307.JPG,1600.0,1000.0
data\images\1000_1600\IMG_8308.JPG,1600.0,1000.0
data\images\1000_1600\IMG_8309.JPG,1600.0,1000.0
data\images\1000_1600\IMG_8310.JPG,1600.0,1000.0
data\images\1000_1600\IMG_8311.JPG,1600.0,1000.0
data\images\1000_1600\IMG_8312.JPG,1600.0,1000.0
data\images\1000_1600\IMG_8313.JPG,1600.0,1000.0
data\images\1000_1600\IMG_8314.JPG,1600.0,1000.0
data\images\1000_1800\IMG_6705.JPG,1800.0,1000.0
data\images\1000_1800\IMG_6706.JPG,1800.0,1000.0
data\images\1000_1800\IMG_6707.JPG,1800.0,1000.0
data\images\1000_1800\IMG_6708.JPG,1800.0,1000.0
data\images\1000_1800\IMG_6709.JPG,1800.0,1000.0
data\images\1000_1800\IMG_6710.JPG,1800.0,1000.0
data\images\1000_1800\IMG_6711.JPG,1800.0,1000.0
data\images\1000_1800\IMG_6712.JPG,1800.0,1000.0
data\images\1000_1800\IMG_6713.JPG,1800.0,1000.0
data\images\1000_1800\IMG_6714.JPG,1800.0,1000.0
data\images\1000_1800\IMG_6715.JPG,1800.0,1000.0
data\images\1000_1800\IMG_6716.JPG,1800.0,1000.0
data\images\1000_1800\IMG_6717.JPG,1800.0,1000.0
data\images\1000_1800\IMG_6718.JPG,1800.0,1000.0
data\images\1000_1800\IMG_6719.JPG,1800.0,1000.0
data\images\1000_1800\IMG_6720.JPG,1800.0,1000.0
data\images\1000_1800\IMG_6721.JPG,1800.0,1000.0
data\images\1000_2000\IMG_6723.JPG,2000.0,1000.0
data\images\1000_2000\IMG_6724.JPG,2000.0,1000.0
data\images\1000_2000\IMG_6725.JPG,2000.0,1000.0
data\images\1000_2000\IMG_6726.JPG,2000.0,1000.0
data\images\1000_2000\IMG_6727.JPG,2000.0,1000.0
data\images\1000_2000\IMG_6728.JPG,2000.0,1000.0
data\images\1000_2000\IMG_6729.JPG,2000.0,1000.0
data\images\1000_2000\IMG_6730.JPG,2000.0,1000.0
data\images\1000_2000\IMG_6731.JPG,2000.0,1000.0
data\images\1000_2000\IMG_6732.JPG,2000.0,1000.0
data\images\1000_2000\IMG_6733.JPG,2000.0,1000.0
data\images\1000_2000\IMG_6734.JPG,2000.0,1000.0
data\images\1000_2000\IMG_6735.JPG,2000.0,1000.0
data\images\1000_2000\IMG_6736.JPG,2000.0,1000.0
data\images\1000_2000\IMG_6737.JPG,2000.0,1000.0
data\images\1000_2000\IMG_6738.JPG,2000.0,1000.0
data\images\1000_2000\IMG_6739.JPG,2000.0,1000.0
data\images\1000_2000\IMG_6740.JPG,2000.0,1000.0
data\images\1000_2000\IMG_6741.JPG,2000.0,1000.0
data\images\1000_2000\IMG_6742.JPG,2000.0,1000.0
data\images\1000_2000\IMG_6743.JPG,2000.0,1000.0
data\images\1000_2000\IMG_6744.JPG,2000.0,1000.0
data\images\1000_2000\IMG_6745.JPG,2000.0,1000.0
data\images\1000_2000\IMG_6746.JPG,2000.0,1000.0
data\images\1000_2000\IMG_6747.JPG,2000.0,1000.0
data\images\1000_2000\IMG_6748.JPG,2000.0,1000.0
data\images\1000_2000\IMG_6749.JPG,2000.0,1000.0
data\images\1000_2000\IMG_6750.JPG,2000.0,1000.0
data\images\1000_2000\IMG_6751.JPG,2000.0,1000.0
data\images\1000_2000\IMG_6752.JPG,2000.0,1000.0
data\images\1000_2000\IMG_6753.JPG,2000.0,1000.0
data\images\1000_2000\IMG_6754.JPG,2000.0,1000.0
data\images\1000_2000\IMG_6755.JPG,2000.0,1000.0
data\images\1000_2000\IMG_6756.JPG,2000.0,1000.0
data\images\1000_2000\IMG_6757.JPG,2000.0,1000.0
data\images\1000_2000\IMG_6758.JPG,2000.0,1000.0
data\images\1000_2000\IMG_6759.JPG,2000.0,1000.0
data\images\1000_2000\IMG_6760.JPG,2000.0,1000.0
data\images\1000_2000\IMG_6761.JPG,2000.0,1000.0
data\images\1000_2000\IMG_6762.JPG,2000.0,1000.0
data\images\1000_2000\IMG_6764.JPG,2000.0,1000.0
data\images\1200_1400\IMG_6771.JPG,1400.0,1200.0
data\images\1200_1400\IMG_6772.JPG,1400.0,1200.0
data\images\1200_1400\IMG_6773.JPG,1400.0,1200.0
data\images\1200_1400\IMG_6774.JPG,1400.0,1200.0
data\images\1200_1400\IMG_6775.JPG,1400.0,1200.0
data\images\1200_1400\IMG_6776.JPG,1400.0,1200.0
data\images\1200_1400\IMG_6777.JPG,1400.0,1200.0
data\images\1200_1400\IMG_6778.JPG,1400.0,1200.0
data\images\1200_1400\IMG_6779.JPG,1400.0,1200.0
data\images\1200_1400\IMG_6780.JPG,1400.0,1200.0
data\images\1200_1400\IMG_6781.JPG,1400.0,1200.0
data\images\1200_1400\IMG_6782.JPG,1400.0,1200.0
data\images\1200_1400\IMG_6783.JPG,1400.0,1200.0
data\images\1200_1400\IMG_6784.JPG,1400.0,1200.0
data\images\1200_1400\IMG_6785.JPG,1400.0,1200.0
data\images\1200_1400\IMG_8332.JPG,1400.0,1200.0
data\images\1200_1400\IMG_8333.JPG,1400.0,1200.0
data\images\1200_1400\IMG_8334.JPG,1400.0,1200.0
data\images\1200_1400\IMG_8335.JPG,1400.0,1200.0
data\images\1200_1400\IMG_8336.JPG,1400.0,1200.0
data\images\1200_1400\IMG_8337.JPG,1400.0,1200.0
data\images\1200_1400\IMG_8338.JPG,1400.0,1200.0
data\images\1200_1400\IMG_8339.JPG,1400.0,1200.0
data\images\1200_1400\IMG_8340.JPG,1400.0,1200.0
data\images\1200_1400\IMG_8341.JPG,1400.0,1200.0
data\images\1200_1400\IMG_8342.JPG,1400.0,1200.0
data\images\1200_1400\IMG_8343.JPG,1400.0,1200.0
data\images\1200_1400\IMG_8344.JPG,1400.0,1200.0
data\images\1200_1400\IMG_8345.JPG,1400.0,1200.0
data\images\1200_1400\IMG_8346.JPG,1400.0,1200.0
data\images\1200_1400\IMG_8347.JPG,1400.0,1200.0
data\images\1200_1400\IMG_8348.JPG,1400.0,1200.0
data\images\1200_1400\IMG_8349.JPG,1400.0,1200.0
data\images\1200_1400\IMG_8350.JPG,1400.0,1200.0
data\images\1200_1400\IMG_8351.JPG,1400.0,1200.0
data\images\1200_1600\IMG_8353.JPG,1600.0,1200.0
data\images\1200_1600\IMG_8354.JPG,1600.0,1200.0
data\images\1200_1600\IMG_8355.JPG,1600.0,1200.0
data\images\1200_1600\IMG_8356.JPG,1600.0,1200.0
data\images\1200_1600\IMG_8357.JPG,1600.0,1200.0
data\images\1200_1600\IMG_8358.JPG,1600.0,1200.0
data\images\1200_1600\IMG_8359.JPG,1600.0,1200.0
data\images\1200_1600\IMG_8360.JPG,1600.0,1200.0
data\images\1200_1600\IMG_8361.JPG,1600.0,1200.0
data\images\1200_1600\IMG_8362.JPG,1600.0,1200.0
data\images\1200_1600\IMG_8363.JPG,1600.0,1200.0
data\images\1200_1600\IMG_8364.JPG,1600.0,1200.0
data\images\1200_1600\IMG_8365.JPG,1600.0,1200.0
data\images\1200_1600\IMG_8366.JPG,1600.0,1200.0
data\images\1200_1800\IMG_6787.JPG,1800.0,1200.0
data\images\1200_1800\IMG_6788.JPG,1800.0,1200.0
data\images\1200_1800\IMG_6789.JPG,1800.0,1200.0
data\images\1200_1800\IMG_6790.JPG,1800.0,1200.0
data\images\1200_1800\IMG_6791.JPG,1800.0,1200.0
data\images\1200_1800\IMG_6792.JPG,1800.0,1200.0
data\images\1200_1800\IMG_6793.JPG,1800.0,1200.0
data\images\1200_1800\IMG_6794.JPG,1800.0,1200.0
data\images\1200_1800\IMG_6795.JPG,1800.0,1200.0
data\images\1200_1800\IMG_6796.JPG,1800.0,1200.0
data\images\1200_1800\IMG_6797.JPG,1800.0,1200.0
data\images\1200_1800\IMG_6798.JPG,1800.0,1200.0
data\images\1200_1800\IMG_6799.JPG,1800.0,1200.0
data\images\1200_1800\IMG_6800.JPG,1800.0,1200.0
data\images\1200_1800\IMG_6801.JPG,1800.0,1200.0
data\images\1200_1800\IMG_6802.JPG,1800.0,1200.0
data\images\1200_2000\IMG_6804.JPG,2000.0,1200.0
data\images\1200_2000\IMG_6805.JPG,2000.0,1200.0
data\images\1200_2000\IMG_6806.JPG,2000.0,1200.0
data\images\1200_2000\IMG_6807.JPG,2000.0,1200.0
data\images\1200_2000\IMG_6808.JPG,2000.0,1200.0
data\images\1200_2000\IMG_6809.JPG,2000.0,1200.0
data\images\1200_2000\IMG_6810.JPG,2000.0,1200.0
data\images\1200_2000\IMG_6811.JPG,2000.0,1200.0
data\images\1200_2000\IMG_6812.JPG,2000.0,1200.0
data\images\1200_2000\IMG_6813.JPG,2000.0,1200.0
data\images\1200_2000\IMG_6814.JPG,2000.0,1200.0
data\images\1200_2000\IMG_6815.JPG,2000.0,1200.0
data\images\1200_2000\IMG_6816.JPG,2000.0,1200.0
data\images\1200_2000\IMG_6817.JPG,2000.0,1200.0
data\images\1200_2000\IMG_6818.JPG,2000.0,1200.0
data\images\1200_2000\IMG_6819.JPG,2000.0,1200.0
data\images\1200_2000\IMG_6820.JPG,2000.0,1200.0
data\images\1200_2000\IMG_6821.JPG,2000.0,1200.0
data\images\1200_2000\IMG_6822.JPG,2000.0,1200.0
data\images\1200_2000\IMG_6823.JPG,2000.0,1200.0
data\images\1200_2000\IMG_6824.JPG,2000.0,1200.0
data\images\1200_2000\IMG_6825.JPG,2000.0,1200.0
data\images\1200_2000\IMG_6826.JPG,2000.0,1200.0
data\images\1200_2000\IMG_6827.JPG,2000.0,1200.0
data\images\1200_2000\IMG_6828.JPG,2000.0,1200.0
data\images\1200_2000\IMG_6829.JPG,2000.0,1200.0
data\images\1400_1600\IMG_6831.JPG,1600.0,1400.0
data\images\1400_1600\IMG_6832.JPG,1600.0,1400.0
data\images\1400_1600\IMG_6833.JPG,1600.0,1400.0
data\images\1400_1600\IMG_6834.JPG,1600.0,1400.0
data\images\1400_1600\IMG_6835.JPG,1600.0,1400.0
data\images\1400_1600\IMG_6836.JPG,1600.0,1400.0
data\images\1400_1600\IMG_6837.JPG,1600.0,1400.0
data\images\1400_1600\IMG_6838.JPG,1600.0,1400.0
data\images\1400_1600\IMG_6839.JPG,1600.0,1400.0
data\images\1400_1600\IMG_6840.JPG,1600.0,1400.0
data\images\1400_1600\IMG_6841.JPG,1600.0,1400.0
data\images\1400_1600\IMG_6842.JPG,1600.0,1400.0
data\images\1400_1600\IMG_6843.JPG,1600.0,1400.0
data\images\1400_1600\IMG_6844.JPG,1600.0,1400.0
data\images\1400_1600\IMG_6845.JPG,1600.0,1400.0
data\images\1400_1600\IMG_6846.JPG,1600.0,1400.0
data\images\1400_1600\IMG_6847.JPG,1600.0,1400.0
data\images\1400_1600\IMG_6848.JPG,1600.0,1400.0
data\images\1400_1600\IMG_6849.JPG,1600.0,1400.0
data\images\1400_1600\IMG_6850.JPG,1600.0,1400.0
data\images\1400_1600\IMG_6851.JPG,1600.0,1400.0
data\images\1400_1600\IMG_6852.JPG,1600.0,1400.0
data\images\1400_1600\IMG_6853.JPG,1600.0,1400.0
data\images\1400_1600\IMG_6854.JPG,1600.0,1400.0
data\images\1400_1600\IMG_6855.JPG,1600.0,1400.0
data\images\1400_1600\IMG_6856.JPG,1600.0,1400.0
data\images\1400_1600\IMG_6857.JPG,1600.0,1400.0
data\images\1400_1600\IMG_6858.JPG,1600.0,1400.0
data\images\1400_1600\IMG_6859.JPG,1600.0,1400.0
data\images\1400_1600\IMG_6860.JPG,1600.0,1400.0
data\images\1400_1600\IMG_6861.JPG,1600.0,1400.0
data\images\1400_1600\IMG_6862.JPG,1600.0,1400.0
data\images\1400_1600\IMG_6863.JPG,1600.0,1400.0
data\images\1400_1600\IMG_6864.JPG,1600.0,1400.0
data\images\1400_1600\IMG_6865.JPG,1600.0,1400.0
data\images\1400_1600\IMG_6866.JPG,1600.0,1400.0
data\images\1400_1600\IMG_6867.JPG,1600.0,1400.0
data\images\1400_1600\IMG_6868.JPG,1600.0,1400.0
data\images\1400_1600\IMG_6869.JPG,1600.0,1400.0
data\images\1400_1600\IMG_6870.JPG,1600.0,1400.0
data\images\1400_1600\IMG_6871.JPG,1600.0,1400.0
data\images\1400_1600\IMG_6872.JPG,1600.0,1400.0
data\images\1400_1600\IMG_6873.JPG,1600.0,1400.0
data\images\1400_1600\IMG_6874.JPG,1600.0,1400.0
data\images\1400_1600\IMG_6875.JPG,1600.0,1400.0
data\images\1400_1600\IMG_6876.JPG,1600.0,1400.0
data\images\1400_1600\IMG_6877.JPG,1600.0,1400.0
data\images\1400_1600\IMG_6878.JPG,1600.0,1400.0
data\images\1400_1600\IMG_6879.JPG,1600.0,1400.0
data\images\1400_1600\IMG_6880.JPG,1600.0,1400.0
data\images\1400_1600\IMG_6881.JPG,1600.0,1400.0
data\images\1400_1600\IMG_6882.JPG,1600.0,1400.0
data\images\1400_1600\IMG_6883.JPG,1600.0,1400.0
data\images\1400_1600\IMG_6884.JPG,1600.0,1400.0
data\images\1400_1600\IMG_6885.JPG,1600.0,1400.0
data\images\1400_1600\IMG_6886.JPG,1600.0,1400.0
data\images\1400_1600\IMG_6887.JPG,1600.0,1400.0
data\images\1400_1600\IMG_6888.JPG,1600.0,1400.0
data\images\1400_1600\IMG_6889.JPG,1600.0,1400.0
data\images\1400_1600\IMG_6890.JPG,1600.0,1400.0
data\images\1400_1600\IMG_6891.JPG,1600.0,1400.0
data\images\1400_1600\IMG_6892.JPG,1600.0,1400.0
data\images\1400_1600\IMG_6893.JPG,1600.0,1400.0
data\images\1400_1600\IMG_6894.JPG,1600.0,1400.0
data\images\1400_1600\IMG_6895.JPG,1600.0,1400.0
data\images\1400_1600\IMG_6896.JPG,1600.0,1400.0
data\images\1400_1600\IMG_6897.JPG,1600.0,1400.0
data\images\1400_1600\IMG_6898.JPG,1600.0,1400.0
data\images\1400_1600\IMG_6899.JPG,1600.0,1400.0
data\images\1400_1600\IMG_6900.JPG,1600.0,1400.0
data\images\1400_1600\IMG_6901.JPG,1600.0,1400.0
data\images\1400_1600\IMG_6902.JPG,1600.0,1400.0
data\images\1400_1600\IMG_6903.JPG,1600.0,1400.0
data\images\1400_1600\IMG_6904.JPG,1600.0,1400.0
data\images\1400_1600\IMG_6905.JPG,1600.0,1400.0
data\images\1400_1600\IMG_6906.JPG,1600.0,1400.0
data\images\1400_1600\IMG_6907.JPG,1600.0,1400.0
data\images\1400_1600\IMG_6908.JPG,1600.0,1400.0
data\images\1400_1600\IMG_6909.JPG,1600.0,1400.0
data\images\1400_1600\IMG_6910.JPG,1600.0,1400.0
data\images\1400_1600\IMG_6911.JPG,1600.0,1400.0
data\images\1400_1600\IMG_6912.JPG,1600.0,1400.0
data\images\1400_1600\IMG_6913.JPG,1600.0,1400.0
data\images\1400_1600\IMG_6914.JPG,1600.0,1400.0
data\images\1400_1600\IMG_6915.JPG,1600.0,1400.0
data\images\1400_1600\IMG_6916.JPG,1600.0,1400.0
data\images\1400_1600\IMG_6917.JPG,1600.0,1400.0
data\images\1400_1600\IMG_6918.JPG,1600.0,1400.0
data\images\1400_1600\IMG_6919.JPG,1600.0,1400.0
data\images\1400_1600\IMG_6920.JPG,1600.0,1400.0
data\images\1400_1600\IMG_6921.JPG,1600.0,1400.0
data\images\1400_1600\IMG_6922.JPG,1600.0,1400.0
data\images\1400_1600\IMG_6923.JPG,1600.0,1400.0
data\images\1400_1600\IMG_6924.JPG,1600.0,1400.0
data\images\1400_1600\IMG_6925.JPG,1600.0,1400.0
data\images\1400_1600\IMG_6926.JPG,1600.0,1400.0
data\images\1400_1600\IMG_6927.JPG,1600.0,1400.0
data\images\1400_1600\IMG_6928.JPG,1600.0,1400.0
data\images\1400_1600\IMG_6929.JPG,1600.0,1400.0
data\images\1400_1600\IMG_6930.JPG,1600.0,1400.0
data\images\1400_1600\IMG_6931.JPG,1600.0,1400.0
data\images\1400_1600\IMG_6932.JPG,1600.0,1400.0
data\images\1400_1600\IMG_6933.JPG,1600.0,1400.0
data\images\1400_1600\IMG_6934.JPG,1600.0,1400.0
data\images\1400_1600\IMG_6935.JPG,1600.0,1400.0
data\images\1400_1600\IMG_6936.JPG,1600.0,1400.0
data\images\1400_1600\IMG_6937.JPG,1600.0,1400.0
data\images\1400_1600\IMG_6938.JPG,1600.0,1400.0
data\images\1400_1600\IMG_6939.JPG,1600.0,1400.0
data\images\1400_1600\IMG_6940.JPG,1600.0,1400.0
data\images\1400_1600\IMG_6941.JPG,1600.0,1400.0
data\images\1400_1600\IMG_6942.JPG,1600.0,1400.0
data\images\1400_1600\IMG_6943.JPG,1600.0,1400.0
data\images\1400_1600\IMG_6944.JPG,1600.0,1400.0
data\images\1400_1600\IMG_6945.JPG,1600.0,1400.0
data\images\1400_1600\IMG_6946.JPG,1600.0,1400.0
data\images\1400_1600\IMG_6947.JPG,1600.0,1400.0
data\images\1400_1600\IMG_6948.JPG,1600.0,1400.0
data\images\1400_1600\IMG_6949.JPG,1600.0,1400.0
data\images\1400_1600\IMG_6950.JPG,1600.0,1400.0
data\images\1400_1600\IMG_6951.JPG,1600.0,1400.0
data\images\1400_1600\IMG_6952.JPG,1600.0,1400.0
data\images\1400_1600\IMG_6953.JPG,1600.0,1400.0
data\images\1400_1600\IMG_6954.JPG,1600.0,1400.0
data\images\1400_1600\IMG_6955.JPG,1600.0,1400.0
data\images\1400_1600\IMG_6956.JPG,1600.0,1400.0
data\images\1400_1600\IMG_6957.JPG,1600.0,1400.0
data\images\1400_1600\IMG_6958.JPG,1600.0,1400.0
data\images\1400_1600\IMG_6959.JPG,1600.0,1400.0
data\images\1400_1600\IMG_6960.JPG,1600.0,1400.0
data\images\1400_1600\IMG_6961.JPG,1600.0,1400.0
data\images\1400_1600\IMG_6962.JPG,1600.0,1400.0
data\images\1400_1600\IMG_6963.JPG,1600.0,1400.0
data\images\1400_1600\IMG_6964.JPG,1600.0,1400.0
data\images\1400_1600\IMG_6965.JPG,1600.0,1400.0
data\images\1400_1600\IMG_6966.JPG,1600.0,1400.0
data\images\1400_1600\IMG_6967.JPG,1600.0,1400.0
data\images\1400_1600\IMG_6968.JPG,1600.0,1400.0
data\images\1400_1600\IMG_6969.JPG,1600.0,1400.0
data\images\1400_1600\IMG_6970.JPG,1600.0,1400.0
data\images\1400_1600\IMG_6971.JPG,1600.0,1400.0
data\images\1400_1600\IMG_6972.JPG,1600.0,1400.0
data\images\1400_1600\IMG_6973.JPG,1600.0,1400.0
data\images\1400_1600\IMG_6974.JPG,1600.0,1400.0
data\images\1400_1600\IMG_6975.JPG,1600.0,1400.0
data\images\1400_1600\IMG_6976.JPG,1600.0,1400.0
data\images\1400_1600\IMG_6977.JPG,1600.0,1400.0
data\images\1400_1600\IMG_6978.JPG,1600.0,1400.0
data\images\1400_1600\IMG_6979.JPG,1600.0,1400.0
data\images\1400_1600\IMG_6980.JPG,1600.0,1400.0
data\images\1400_1600\IMG_6981.JPG,1600.0,1400.0
data\images\1400_1600\IMG_6982.JPG,1600.0,1400.0
data\images\1400_1600\IMG_6983.JPG,1600.0,1400.0
data\images\1400_1600\IMG_6984.JPG,1600.0,1400.0
data\images\1400_1600\IMG_6985.JPG,1600.0,1400.0
data\images\1400_1600\IMG_6986.JPG,1600.0,1400.0
data\images\1400_1600\IMG_6987.JPG,1600.0,1400.0
data\images\1400_1600\IMG_6988.JPG,1600.0,1400.0
data\images\1400_1600\IMG_6989.JPG,1600.0,1400.0
data\images\1400_1600\IMG_6990.JPG,1600.0,1400.0
data\images\1400_1600\IMG_6991.JPG,1600.0,1400.0
data\images\1400_1600\IMG_6992.JPG,1600.0,1400.0
data\images\1400_1600\IMG_6993.JPG,1600.0,1400.0
data\images\1400_1600\IMG_8368.JPG,1600.0,1400.0
data\images\1400_1600\IMG_8369.JPG,1600.0,1400.0
data\images\1400_1600\IMG_8370.JPG,1600.0,1400.0
data\images\1400_1600\IMG_8371.JPG,1600.0,1400.0
data\images\1400_1600\IMG_8372.JPG,1600.0,1400.0
data\images\1400_1600\IMG_8373.JPG,1600.0,1400.0
data\images\1400_1600\IMG_8374.JPG,1600.0,1400.0
data\images\1400_1600\IMG_8375.JPG,1600.0,1400.0
data\images\1400_1600\IMG_8376.JPG,1600.0,1400.0
data\images\1400_1600\IMG_8377.JPG,1600.0,1400.0
data\images\1400_1600\IMG_8378.JPG,1600.0,1400.0
data\images\1400_1600\IMG_8379.JPG,1600.0,1400.0
data\images\1400_1600\IMG_8380.JPG,1600.0,1400.0
data\images\1400_1600\IMG_8381.JPG,1600.0,1400.0
data\images\1400_1600\IMG_8382.JPG,1600.0,1400.0
data\images\1400_1600\IMG_8383.JPG,1600.0,1400.0
data\images\1400_1600\IMG_8384.JPG,1600.0,1400.0
data\images\1400_1600\IMG_8385.JPG,1600.0,1400.0
data\images\200_1000\IMG_6299.JPG,1000.0,200.0
data\images\200_1000\IMG_6300.JPG,1000.0,200.0
data\images\200_1000\IMG_6301.JPG,1000.0,200.0
data\images\200_1000\IMG_6302.JPG,1000.0,200.0
data\images\200_1000\IMG_6303.JPG,1000.0,200.0
data\images\200_1000\IMG_6304.JPG,1000.0,200.0
data\images\200_1000\IMG_6305.JPG,1000.0,200.0
data\images\200_1000\IMG_6306.JPG,1000.0,200.0
data\images\200_1000\IMG_6307.JPG,1000.0,200.0
data\images\200_1000\IMG_6308.JPG,1000.0,200.0
data\images\200_1000\IMG_6309.JPG,1000.0,200.0
data\images\200_1000\IMG_6310.JPG,1000.0,200.0
data\images\200_1000\IMG_6311.JPG,1000.0,200.0
data\images\200_1000\IMG_6312.JPG,1000.0,200.0
data\images\200_1000\IMG_6313.JPG,1000.0,200.0
data\images\200_1000\IMG_6314.JPG,1000.0,200.0
data\images\200_1000\IMG_6315.JPG,1000.0,200.0
data\images\200_1000\IMG_6316.JPG,1000.0,200.0
data\images\200_1000\IMG_6317.JPG,1000.0,200.0
data\images\200_1000\IMG_6318.JPG,1000.0,200.0
data\images\200_1000\IMG_6319.JPG,1000.0,200.0
data\images\200_1000\IMG_6320.JPG,1000.0,200.0
data\images\200_1000\IMG_6321.JPG,1000.0,200.0
data\images\200_1000\IMG_6322.JPG,1000.0,200.0
data\images\200_1000\IMG_6323.JPG,1000.0,200.0
data\images\200_1000\IMG_6324.JPG,1000.0,200.0
data\images\200_1000\IMG_6325.JPG,1000.0,200.0
data\images\200_1000\IMG_6326.JPG,1000.0,200.0
data\images\200_1000\IMG_6327.JPG,1000.0,200.0
data\images\200_1000\IMG_6328.JPG,1000.0,200.0
data\images\200_1000\IMG_6329.JPG,1000.0,200.0
data\images\200_1000\IMG_6330.JPG,1000.0,200.0
data\images\200_1000\IMG_6331.JPG,1000.0,200.0
data\images\200_1000\IMG_6332.JPG,1000.0,200.0
data\images\200_1000\IMG_6333.JPG,1000.0,200.0
data\images\200_1000\IMG_6334.JPG,1000.0,200.0
data\images\200_1000\IMG_6335.JPG,1000.0,200.0
data\images\200_1000\IMG_6336.JPG,1000.0,200.0
data\images\200_1000\IMG_6337.JPG,1000.0,200.0
data\images\200_1000\IMG_6338.JPG,1000.0,200.0
data\images\200_1000\IMG_6339.JPG,1000.0,200.0
data\images\200_1000\IMG_6340.JPG,1000.0,200.0
data\images\200_1000\IMG_6341.JPG,1000.0,200.0
data\images\200_1000\IMG_6342.JPG,1000.0,200.0
data\images\200_1000\IMG_6343.JPG,1000.0,200.0
data\images\200_1000\IMG_6344.JPG,1000.0,200.0
data\images\200_1000\IMG_6345.JPG,1000.0,200.0
data\images\200_1000\IMG_6346.JPG,1000.0,200.0
data\images\200_1000\IMG_6347.JPG,1000.0,200.0
data\images\200_1000\IMG_6348.JPG,1000.0,200.0
data\images\200_1000\IMG_6349.JPG,1000.0,200.0
data\images\200_1000\IMG_6350.JPG,1000.0,200.0
data\images\200_1000\IMG_6351.JPG,1000.0,200.0
data\images\200_1000\IMG_6352.JPG,1000.0,200.0
data\images\200_1000\IMG_6353.JPG,1000.0,200.0
data\images\200_1000\IMG_6354.JPG,1000.0,200.0
data\images\200_1000\IMG_6355.JPG,1000.0,200.0
data\images\200_1000\IMG_6356.JPG,1000.0,200.0
data\images\200_1000\IMG_6357.JPG,1000.0,200.0
data\images\200_1000\IMG_6358.JPG,1000.0,200.0
data\images\200_1000\IMG_6359.JPG,1000.0,200.0
data\images\200_1000\IMG_6360.JPG,1000.0,200.0
data\images\200_1000\IMG_6361.JPG,1000.0,200.0
data\images\200_1000\IMG_6362.JPG,1000.0,200.0
data\images\200_1000\IMG_6363.JPG,1000.0,200.0
data\images\200_1000\IMG_6364.JPG,1000.0,200.0
data\images\200_1000\IMG_6365.JPG,1000.0,200.0
data\images\200_1000\IMG_6366.JPG,1000.0,200.0
data\images\200_1000\IMG_6367.JPG,1000.0,200.0
data\images\200_1000\IMG_6368.JPG,1000.0,200.0
data\images\200_1000\IMG_6369.JPG,1000.0,200.0
data\images\200_1000\IMG_6370.JPG,1000.0,200.0
data\images\200_1000\IMG_6371.JPG,1000.0,200.0
data\images\200_1000\IMG_6372.JPG,1000.0,200.0
data\images\200_1000\IMG_6373.JPG,1000.0,200.0
data\images\200_1000\IMG_6374.JPG,1000.0,200.0
data\images\200_1000\IMG_6375.JPG,1000.0,200.0
data\images\200_1000\IMG_6376.JPG,1000.0,200.0
data\images\200_1000\IMG_6377.JPG,1000.0,200.0
data\images\200_1000\IMG_6378.JPG,1000.0,200.0
data\images\200_1000\IMG_6379.JPG,1000.0,200.0
data\images\200_1000\IMG_6380.JPG,1000.0,200.0
data\images\200_1000\IMG_6381.JPG,1000.0,200.0
data\images\200_1000\IMG_6382.JPG,1000.0,200.0
data\images\200_1000\IMG_6383.JPG,1000.0,200.0
data\images\200_1000\IMG_6384.JPG,1000.0,200.0
data\images\200_1000\IMG_6385.JPG,1000.0,200.0
data\images\200_1000\IMG_6386.JPG,1000.0,200.0
data\images\200_1000\IMG_6387.JPG,1000.0,200.0
data\images\200_1000\IMG_6388.JPG,1000.0,200.0
data\images\200_1000\IMG_6389.JPG,1000.0,200.0
data\images\200_1000\IMG_6390.JPG,1000.0,200.0
data\images\200_1000\IMG_6391.JPG,1000.0,200.0
data\images\200_1000\IMG_6392.JPG,1000.0,200.0
data\images\200_1000\IMG_6393.JPG,1000.0,200.0
data\images\200_1000\IMG_6394.JPG,1000.0,200.0
data\images\200_1000\IMG_6395.JPG,1000.0,200.0
data\images\200_1000\IMG_6396.JPG,1000.0,200.0
data\images\200_1000\IMG_6397.JPG,1000.0,200.0
data\images\200_1000\IMG_6398.JPG,1000.0,200.0
data\images\200_1000\IMG_6399.JPG,1000.0,200.0
data\images\200_1000\IMG_6400.JPG,1000.0,200.0
data\images\200_1000\IMG_6401.JPG,1000.0,200.0
data\images\200_1000\IMG_6402.JPG,1000.0,200.0
data\images\200_1000\IMG_6403.JPG,1000.0,200.0
data\images\200_1000\IMG_6404.JPG,1000.0,200.0
data\images\200_1000\IMG_6405.JPG,1000.0,200.0
data\images\200_1000\IMG_6406.JPG,1000.0,200.0
data\images\200_1200\IMG_6408.JPG,1200.0,200.0
data\images\200_1200\IMG_6409.JPG,1200.0,200.0
data\images\200_1200\IMG_6410.JPG,1200.0,200.0
data\images\200_1200\IMG_6411.JPG,1200.0,200.0
data\images\200_1200\IMG_6412.JPG,1200.0,200.0
data\images\200_1200\IMG_6413.JPG,1200.0,200.0
data\images\200_1200\IMG_6414.JPG,1200.0,200.0
data\images\200_1200\IMG_6415.JPG,1200.0,200.0
data\images\200_1200\IMG_6416.JPG,1200.0,200.0
data\images\200_1200\IMG_6417.JPG,1200.0,200.0
data\images\200_1200\IMG_6418.JPG,1200.0,200.0
data\images\200_1200\IMG_6419.JPG,1200.0,200.0
data\images\200_1200\IMG_6420.JPG,1200.0,200.0
data\images\200_1200\IMG_6421.JPG,1200.0,200.0
data\images\200_1200\IMG_6422.JPG,1200.0,200.0
data\images\200_1400\IMG_6424.JPG,1400.0,200.0
data\images\200_1400\IMG_6425.JPG,1400.0,200.0
data\images\200_1400\IMG_6426.JPG,1400.0,200.0
data\images\200_1400\IMG_6427.JPG,1400.0,200.0
data\images\200_1400\IMG_6428.JPG,1400.0,200.0
data\images\200_1400\IMG_6429.JPG,1400.0,200.0
data\images\200_1400\IMG_6430.JPG,1400.0,200.0
data\images\200_1400\IMG_6431.JPG,1400.0,200.0
data\images\200_1400\IMG_6432.JPG,1400.0,200.0
data\images\200_1400\IMG_6433.JPG,1400.0,200.0
data\images\200_1400\IMG_6434.JPG,1400.0,200.0
data\images\200_1400\IMG_6435.JPG,1400.0,200.0
data\images\200_1400\IMG_6436.JPG,1400.0,200.0
data\images\200_1400\IMG_6437.JPG,1400.0,200.0
data\images\200_1400\IMG_6438.JPG,1400.0,200.0
data\images\200_1400\IMG_6439.JPG,1400.0,200.0
data\images\200_1400\IMG_6440.JPG,1400.0,200.0
data\images\200_1400\IMG_6441.JPG,1400.0,200.0
data\images\200_1400\IMG_6442.JPG,1400.0,200.0
data\images\200_1400\IMG_6443.JPG,1400.0,200.0
data\images\200_1400\IMG_6444.JPG,1400.0,200.0
data\images\200_800\IMG_6210.JPG,800.0,200.0
data\images\200_800\IMG_6211.JPG,800.0,200.0
data\images\200_800\IMG_6212.JPG,800.0,200.0
data\images\200_800\IMG_6213.JPG,800.0,200.0
data\images\200_800\IMG_6214.JPG,800.0,200.0
data\images\200_800\IMG_6215.JPG,800.0,200.0
data\images\200_800\IMG_6216.JPG,800.0,200.0
data\images\200_800\IMG_6217.JPG,800.0,200.0
data\images\200_800\IMG_6218.JPG,800.0,200.0
data\images\200_800\IMG_6219.JPG,800.0,200.0
data\images\200_800\IMG_6220.JPG,800.0,200.0
data\images\200_800\IMG_6221.JPG,800.0,200.0
data\images\200_800\IMG_6222.JPG,800.0,200.0
data\images\200_800\IMG_6223.JPG,800.0,200.0
data\images\200_800\IMG_6224.JPG,800.0,200.0
data\images\200_800\IMG_6225.JPG,800.0,200.0
data\images\200_800\IMG_6226.JPG,800.0,200.0
data\images\200_800\IMG_6227.JPG,800.0,200.0
data\images\200_800\IMG_6228.JPG,800.0,200.0
data\images\200_800\IMG_6229.JPG,800.0,200.0
data\images\200_800\IMG_6230.JPG,800.0,200.0
data\images\200_800\IMG_6231.JPG,800.0,200.0
data\images\200_800\IMG_6232.JPG,800.0,200.0
data\images\200_800\IMG_6233.JPG,800.0,200.0
data\images\200_800\IMG_6234.JPG,800.0,200.0
data\images\200_800\IMG_6235.JPG,800.0,200.0
data\images\200_800\IMG_6236.JPG,800.0,200.0
data\images\200_800\IMG_6237.JPG,800.0,200.0
data\images\200_800\IMG_6238.JPG,800.0,200.0
data\images\200_800\IMG_6239.JPG,800.0,200.0
data\images\200_800\IMG_6240.JPG,800.0,200.0
data\images\200_800\IMG_6241.JPG,800.0,200.0
data\images\200_800\IMG_6242.JPG,800.0,200.0
data\images\200_800\IMG_6243.JPG,800.0,200.0
data\images\200_800\IMG_6244.JPG,800.0,200.0
data\images\200_800\IMG_6245.JPG,800.0,200.0
data\images\200_800\IMG_6246.JPG,800.0,200.0
data\images\200_800\IMG_6247.JPG,800.0,200.0
data\images\200_800\IMG_6248.JPG,800.0,200.0
data\images\200_800\IMG_6249.JPG,800.0,200.0
data\images\200_800\IMG_6250.JPG,800.0,200.0
data\images\200_800\IMG_6251.JPG,800.0,200.0
data\images\200_800\IMG_6252.JPG,800.0,200.0
data\images\200_800\IMG_6253.JPG,800.0,200.0
data\images\200_800\IMG_6254.JPG,800.0,200.0
data\images\200_800\IMG_6255.JPG,800.0,200.0
data\images\200_800\IMG_6256.JPG,800.0,200.0
data\images\200_800\IMG_6257.JPG,800.0,200.0
data\images\200_800\IMG_6258.JPG,800.0,200.0
data\images\200_800\IMG_6259.JPG,800.0,200.0
data\images\200_800\IMG_6260.JPG,800.0,200.0
data\images\200_800\IMG_6261.JPG,800.0,200.0
data\images\200_800\IMG_6262.JPG,800.0,200.0
data\images\200_800\IMG_6263.JPG,800.0,200.0
data\images\200_800\IMG_6264.JPG,800.0,200.0
data\images\200_800\IMG_6265.JPG,800.0,200.0
data\images\200_800\IMG_6266.JPG,800.0,200.0
data\images\200_800\IMG_6267.JPG,800.0,200.0
data\images\200_800\IMG_6268.JPG,800.0,200.0
data\images\200_800\IMG_6269.JPG,800.0,200.0
data\images\200_800\IMG_6270.JPG,800.0,200.0
data\images\200_800\IMG_6271.JPG,800.0,200.0
data\images\200_800\IMG_6272.JPG,800.0,200.0
data\images\200_800\IMG_6273.JPG,800.0,200.0
data\images\200_800\IMG_6274.JPG,800.0,200.0
data\images\200_800\IMG_6275.JPG,800.0,200.0
data\images\200_800\IMG_6276.JPG,800.0,200.0
data\images\200_800\IMG_6277.JPG,800.0,200.0
data\images\200_800\IMG_6278.JPG,800.0,200.0
data\images\200_800\IMG_6279.JPG,800.0,200.0
data\images\200_800\IMG_6280.JPG,800.0,200.0
data\images\200_800\IMG_6281.JPG,800.0,200.0
data\images\200_800\IMG_6282.JPG,800.0,200.0
data\images\200_800\IMG_6283.JPG,800.0,200.0
data\images\200_800\IMG_6284.JPG,800.0,200.0
data\images\200_800\IMG_6285.JPG,800.0,200.0
data\images\200_800\IMG_6286.JPG,800.0,200.0
data\images\200_800\IMG_6287.JPG,800.0,200.0
data\images\200_800\IMG_6288.JPG,800.0,200.0
data\images\200_800\IMG_6289.JPG,800.0,200.0
data\images\200_800\IMG_6290.JPG,800.0,200.0
data\images\200_800\IMG_6291.JPG,800.0,200.0
data\images\200_800\IMG_6292.JPG,800.0,200.0
data\images\200_800\IMG_6293.JPG,800.0,200.0
data\images\200_800\IMG_6294.JPG,800.0,200.0
data\images\200_800\IMG_6295.JPG,800.0,200.0
data\images\200_800\IMG_6296.JPG,800.0,200.0
data\images\200_800\IMG_6297.JPG,800.0,200.0
data\images\400_1000\IMG_5461.JPG,1000.0,400.0
data\images\400_1000\IMG_5462.JPG,1000.0,400.0
data\images\400_1000\IMG_5463.JPG,1000.0,400.0
data\images\400_1000\IMG_5464.JPG,1000.0,400.0
data\images\400_1000\IMG_5465.JPG,1000.0,400.0
data\images\400_1000\IMG_5466.JPG,1000.0,400.0
data\images\400_1000\IMG_5467.JPG,1000.0,400.0
data\images\400_1000\IMG_5468.JPG,1000.0,400.0
data\images\400_1000\IMG_5469.JPG,1000.0,400.0
data\images\400_1000\IMG_5470.JPG,1000.0,400.0
data\images\400_1000\IMG_5471.JPG,1000.0,400.0
data\images\400_1000\IMG_5472.JPG,1000.0,400.0
data\images\400_1000\IMG_5473.JPG,1000.0,400.0
data\images\400_1000\IMG_5474.JPG,1000.0,400.0
data\images\400_1000\IMG_5475.JPG,1000.0,400.0
data\images\400_1000\IMG_5476.JPG,1000.0,400.0
data\images\400_1000\IMG_5477.JPG,1000.0,400.0
data\images\400_1000\IMG_5478.JPG,1000.0,400.0
data\images\400_1000\IMG_5479.JPG,1000.0,400.0
data\images\400_1000\IMG_5480.JPG,1000.0,400.0
data\images\400_1000\IMG_5481.JPG,1000.0,400.0
data\images\400_1000\IMG_5482.JPG,1000.0,400.0
data\images\400_1000\IMG_5483.JPG,1000.0,400.0
data\images\400_1000\IMG_5484.JPG,1000.0,400.0
data\images\400_1000\IMG_5485.JPG,1000.0,400.0
data\images\400_1000\IMG_5486.JPG,1000.0,400.0
data\images\400_1000\IMG_5487.JPG,1000.0,400.0
data\images\400_1000\IMG_5488.JPG,1000.0,400.0
data\images\400_1000\IMG_5489.JPG,1000.0,400.0
data\images\400_1000\IMG_5490.JPG,1000.0,400.0
data\images\400_1000\IMG_5491.JPG,1000.0,400.0
data\images\400_1000\IMG_5492.JPG,1000.0,400.0
data\images\400_1000\IMG_5493.JPG,1000.0,400.0
data\images\400_1000\IMG_5494.JPG,1000.0,400.0
data\images\400_1000\IMG_5495.JPG,1000.0,400.0
data\images\400_1000\IMG_5496.JPG,1000.0,400.0
data\images\400_1000\IMG_5497.JPG,1000.0,400.0
data\images\400_1000\IMG_5498.JPG,1000.0,400.0
data\images\400_1000\IMG_5499.JPG,1000.0,400.0
data\images\400_1000\IMG_5500.JPG,1000.0,400.0
data\images\400_1000\IMG_5501.JPG,1000.0,400.0
data\images\400_1000\IMG_5502.JPG,1000.0,400.0
data\images\400_1000\IMG_5503.JPG,1000.0,400.0
data\images\400_1000\IMG_5504.JPG,1000.0,400.0
data\images\400_1000\IMG_5505.JPG,1000.0,400.0
data\images\400_1000\IMG_5506.JPG,1000.0,400.0
data\images\400_1000\IMG_5507.JPG,1000.0,400.0
data\images\400_1000\IMG_5508.JPG,1000.0,400.0
data\images\400_1000\IMG_5509.JPG,1000.0,400.0
data\images\400_1000\IMG_5510.JPG,1000.0,400.0
data\images\400_1000\IMG_5511.JPG,1000.0,400.0
data\images\400_1000\IMG_5512.JPG,1000.0,400.0
data\images\400_1000\IMG_5513.JPG,1000.0,400.0
data\images\400_1000\IMG_5514.JPG,1000.0,400.0
data\images\400_1000\IMG_5515.JPG,1000.0,400.0
data\images\400_1000\IMG_5516.JPG,1000.0,400.0
data\images\400_1000\IMG_5517.JPG,1000.0,400.0
data\images\400_1000\IMG_5518.JPG,1000.0,400.0
data\images\400_1000\IMG_5519.JPG,1000.0,400.0
data\images\400_1000\IMG_5520.JPG,1000.0,400.0
data\images\400_1000\IMG_5521.JPG,1000.0,400.0
data\images\400_1000\IMG_5522.JPG,1000.0,400.0
data\images\400_1000\IMG_5523.JPG,1000.0,400.0
data\images\400_1200\IMG_5525.JPG,1200.0,400.0
data\images\400_1200\IMG_5526.JPG,1200.0,400.0
data\images\400_1200\IMG_5527.JPG,1200.0,400.0
data\images\400_1200\IMG_5528.JPG,1200.0,400.0
data\images\400_1200\IMG_5529.JPG,1200.0,400.0
data\images\400_1200\IMG_5530.JPG,1200.0,400.0
data\images\400_1200\IMG_5531.JPG,1200.0,400.0
data\images\400_1200\IMG_5532.JPG,1200.0,400.0
data\images\400_1200\IMG_5533.JPG,1200.0,400.0
data\images\400_1200\IMG_5534.JPG,1200.0,400.0
data\images\400_1200\IMG_5535.JPG,1200.0,400.0
data\images\400_1200\IMG_5536.JPG,1200.0,400.0
data\images\400_1200\IMG_5537.JPG,1200.0,400.0
data\images\400_1200\IMG_5538.JPG,1200.0,400.0
data\images\400_1200\IMG_5539.JPG,1200.0,400.0
data\images\400_1200\IMG_5540.JPG,1200.0,400.0
data\images\400_1200\IMG_5541.JPG,1200.0,400.0
data\images\400_1200\IMG_5542.JPG,1200.0,400.0
data\images\400_1200\IMG_5543.JPG,1200.0,400.0
data\images\400_1200\IMG_5544.JPG,1200.0,400.0
data\images\400_1200\IMG_5545.JPG,1200.0,400.0
data\images\400_1200\IMG_5546.JPG,1200.0,400.0
data\images\400_1200\IMG_5547.JPG,1200.0,400.0
data\images\400_1200\IMG_5548.JPG,1200.0,400.0
data\images\400_1200\IMG_5549.JPG,1200.0,400.0
data\images\400_1200\IMG_5550.JPG,1200.0,400.0
data\images\400_1200\IMG_5551.JPG,1200.0,400.0
data\images\400_1200\IMG_5552.JPG,1200.0,400.0
data\images\400_1200\IMG_5553.JPG,1200.0,400.0
data\images\400_1200\IMG_5554.JPG,1200.0,400.0
data\images\400_1200\IMG_5555.JPG,1200.0,400.0
data\images\400_1200\IMG_5556.JPG,1200.0,400.0
data\images\400_1200\IMG_5557.JPG,1200.0,400.0
data\images\400_1200\IMG_5558.JPG,1200.0,400.0
data\images\400_1200\IMG_5559.JPG,1200.0,400.0
data\images\400_1200\IMG_5560.JPG,1200.0,400.0
data\images\400_1200\IMG_5561.JPG,1200.0,400.0
data\images\400_1200\IMG_5562.JPG,1200.0,400.0
data\images\400_1200\IMG_5563.JPG,1200.0,400.0
data\images\400_1200\IMG_5564.JPG,1200.0,400.0
data\images\400_1200\IMG_5565.JPG,1200.0,400.0
data\images\400_1200\IMG_5566.JPG,1200.0,400.0
data\images\400_1200\IMG_5567.JPG,1200.0,400.0
data\images\400_1200\IMG_5568.JPG,1200.0,400.0
data\images\400_1200\IMG_5569.JPG,1200.0,400.0
data\images\400_1200\IMG_5570.JPG,1200.0,400.0
data\images\400_1200\IMG_5571.JPG,1200.0,400.0
data\images\400_1200\IMG_5572.JPG,1200.0,400.0
data\images\400_1200\IMG_5573.JPG,1200.0,400.0
data\images\400_1200\IMG_5574.JPG,1200.0,400.0
data\images\400_1200\IMG_5575.JPG,1200.0,400.0
data\images\400_1200\IMG_5576.JPG,1200.0,400.0
data\images\400_1200\IMG_5577.JPG,1200.0,400.0
data\images\400_1200\IMG_5578.JPG,1200.0,400.0
data\images\400_1200\IMG_5579.JPG,1200.0,400.0
data\images\400_1200\IMG_5580.JPG,1200.0,400.0
data\images\400_1200\IMG_5581.JPG,1200.0,400.0
data\images\400_1200\IMG_5582.JPG,1200.0,400.0
data\images\400_1200\IMG_5583.JPG,1200.0,400.0
data\images\400_1400\IMG_5585.JPG,1400.0,400.0
data\images\400_1400\IMG_5586.JPG,1400.0,400.0
data\images\400_1400\IMG_5587.JPG,1400.0,400.0
data\images\400_1400\IMG_5588.JPG,1400.0,400.0
data\images\400_1400\IMG_5589.JPG,1400.0,400.0
data\images\400_1400\IMG_5590.JPG,1400.0,400.0
data\images\400_1400\IMG_5591.JPG,1400.0,400.0
data\images\400_1400\IMG_5592.JPG,1400.0,400.0
data\images\400_1400\IMG_5593.JPG,1400.0,400.0
data\images\400_1400\IMG_5594.JPG,1400.0,400.0
data\images\400_1400\IMG_5595.JPG,1400.0,400.0
data\images\400_1400\IMG_5596.JPG,1400.0,400.0
data\images\400_1400\IMG_5597.JPG,1400.0,400.0
data\images\400_1400\IMG_5598.JPG,1400.0,400.0
data\images\400_1400\IMG_5599.JPG,1400.0,400.0
data\images\400_1400\IMG_5600.JPG,1400.0,400.0
data\images\400_1400\IMG_5601.JPG,1400.0,400.0
data\images\400_1400\IMG_5602.JPG,1400.0,400.0
data\images\400_1400\IMG_5603.JPG,1400.0,400.0
data\images\400_1400\IMG_5604.JPG,1400.0,400.0
data\images\400_1400\IMG_5605.JPG,1400.0,400.0
data\images\400_1400\IMG_5606.JPG,1400.0,400.0
data\images\400_1400\IMG_5607.JPG,1400.0,400.0
data\images\400_1400\IMG_5608.JPG,1400.0,400.0
data\images\400_1400\IMG_5609.JPG,1400.0,400.0
data\images\400_1400\IMG_5610.JPG,1400.0,400.0
data\images\400_1400\IMG_5611.JPG,1400.0,400.0
data\images\400_1400\IMG_5612.JPG,1400.0,400.0
data\images\400_1400\IMG_5613.JPG,1400.0,400.0
data\images\400_1400\IMG_5614.JPG,1400.0,400.0
data\images\400_1400\IMG_5615.JPG,1400.0,400.0
data\images\400_1400\IMG_5616.JPG,1400.0,400.0
data\images\400_1400\IMG_5617.JPG,1400.0,400.0
data\images\400_1400\IMG_5618.JPG,1400.0,400.0
data\images\400_1400\IMG_5619.JPG,1400.0,400.0
data\images\400_1400\IMG_5620.JPG,1400.0,400.0
data\images\400_1400\IMG_5621.JPG,1400.0,400.0
data\images\400_1400\IMG_5622.JPG,1400.0,400.0
data\images\400_1400\IMG_5623.JPG,1400.0,400.0
data\images\400_1400\IMG_5624.JPG,1400.0,400.0
data\images\400_1400\IMG_5625.JPG,1400.0,400.0
data\images\400_1400\IMG_5626.JPG,1400.0,400.0
data\images\400_1400\IMG_5627.JPG,1400.0,400.0
data\images\400_1400\IMG_5628.JPG,1400.0,400.0
data\images\400_1400\IMG_5629.JPG,1400.0,400.0
data\images\400_1400\IMG_5630.JPG,1400.0,400.0
data\images\400_1400\IMG_5631.JPG,1400.0,400.0
data\images\400_1400\IMG_5632.JPG,1400.0,400.0
data\images\400_1400\IMG_5633.JPG,1400.0,400.0
data\images\400_1400\IMG_5634.JPG,1400.0,400.0
data\images\400_1400\IMG_5635.JPG,1400.0,400.0
data\images\400_1400\IMG_5636.JPG,1400.0,400.0
data\images\400_1400\IMG_5637.JPG,1400.0,400.0
data\images\400_1400\IMG_5638.JPG,1400.0,400.0
data\images\400_1400\IMG_5639.JPG,1400.0,400.0
data\images\400_1400\IMG_5640.JPG,1400.0,400.0
data\images\400_1400\IMG_5641.JPG,1400.0,400.0
data\images\400_1400\IMG_5642.JPG,1400.0,400.0
data\images\400_1400\IMG_5643.JPG,1400.0,400.0
data\images\400_1400\IMG_5644.JPG,1400.0,400.0
data\images\400_1400\IMG_5645.JPG,1400.0,400.0
data\images\400_1400\IMG_5646.JPG,1400.0,400.0
data\images\400_1400\IMG_5647.JPG,1400.0,400.0
data\images\400_1400\IMG_5648.JPG,1400.0,400.0
data\images\400_1400\IMG_5649.JPG,1400.0,400.0
data\images\400_1400\IMG_5650.JPG,1400.0,400.0
data\images\400_1400\IMG_5651.JPG,1400.0,400.0
data\images\400_1400\IMG_5652.JPG,1400.0,400.0
data\images\400_1400\IMG_5653.JPG,1400.0,400.0
data\images\400_1400\IMG_5654.JPG,1400.0,400.0
data\images\400_1400\IMG_5655.JPG,1400.0,400.0
data\images\400_1400\IMG_5656.JPG,1400.0,400.0
data\images\400_1400\IMG_5657.JPG,1400.0,400.0
data\images\400_1400\IMG_5658.JPG,1400.0,400.0
data\images\400_1400\IMG_5659.JPG,1400.0,400.0
data\images\400_1400\IMG_5660.JPG,1400.0,400.0
data\images\400_1400\IMG_5661.JPG,1400.0,400.0
data\images\400_1400\IMG_5662.JPG,1400.0,400.0
data\images\400_1400\IMG_5663.JPG,1400.0,400.0
data\images\400_1400\IMG_5664.JPG,1400.0,400.0
data\images\400_1400\IMG_5665.JPG,1400.0,400.0
data\images\400_1400\IMG_5666.JPG,1400.0,400.0
data\images\400_1400\IMG_5667.JPG,1400.0,400.0
data\images\400_1400\IMG_5668.JPG,1400.0,400.0
data\images\400_1400\IMG_5669.JPG,1400.0,400.0
data\images\400_1400\IMG_5670.JPG,1400.0,400.0
data\images\400_1400\IMG_5671.JPG,1400.0,400.0
data\images\400_1400\IMG_5672.JPG,1400.0,400.0
data\images\400_1400\IMG_5673.JPG,1400.0,400.0
data\images\400_1400\IMG_5674.JPG,1400.0,400.0
data\images\400_1400\IMG_5675.JPG,1400.0,400.0
data\images\400_1400\IMG_5676.JPG,1400.0,400.0
data\images\400_1400\IMG_5677.JPG,1400.0,400.0
data\images\400_1400\IMG_5678.JPG,1400.0,400.0
data\images\400_1400\IMG_5679.JPG,1400.0,400.0
data\images\400_1400\IMG_5680.JPG,1400.0,400.0
data\images\400_1400\IMG_5681.JPG,1400.0,400.0
data\images\400_1400\IMG_5682.JPG,1400.0,400.0
data\images\400_1400\IMG_5683.JPG,1400.0,400.0
data\images\400_1400\IMG_5684.JPG,1400.0,400.0
data\images\400_1400\IMG_5685.JPG,1400.0,400.0
data\images\400_1400\IMG_5686.JPG,1400.0,400.0
data\images\400_1400\IMG_5687.JPG,1400.0,400.0
data\images\400_1400\IMG_5688.JPG,1400.0,400.0
data\images\400_1400\IMG_5689.JPG,1400.0,400.0
data\images\400_1400\IMG_5690.JPG,1400.0,400.0
data\images\400_1400\IMG_5691.JPG,1400.0,400.0
data\images\400_1400\IMG_5692.JPG,1400.0,400.0
data\images\400_1400\IMG_5693.JPG,1400.0,400.0
data\images\400_1400\IMG_5694.JPG,1400.0,400.0
data\images\400_1400\IMG_5695.JPG,1400.0,400.0
data\images\400_1400\IMG_5696.JPG,1400.0,400.0
data\images\400_1400\IMG_5697.JPG,1400.0,400.0
data\images\400_1400\IMG_5698.JPG,1400.0,400.0
data\images\400_1400\IMG_5699.JPG,1400.0,400.0
data\images\400_1400\IMG_5700.JPG,1400.0,400.0
data\images\400_1400\IMG_5701.JPG,1400.0,400.0
data\images\400_1400\IMG_5702.JPG,1400.0,400.0
data\images\400_1400\IMG_5703.JPG,1400.0,400.0
data\images\400_1400\IMG_5704.JPG,1400.0,400.0
data\images\400_1400\IMG_5705.JPG,1400.0,400.0
data\images\400_1400\IMG_5706.JPG,1400.0,400.0
data\images\400_1400\IMG_5707.JPG,1400.0,400.0
data\images\400_1400\IMG_5708.JPG,1400.0,400.0
data\images\400_1400\IMG_5709.JPG,1400.0,400.0
data\images\400_1400\IMG_5710.JPG,1400.0,400.0
data\images\400_1400\IMG_5711.JPG,1400.0,400.0
data\images\400_1400\IMG_5712.JPG,1400.0,400.0
data\images\400_1400\IMG_5713.JPG,1400.0,400.0
data\images\400_1400\IMG_5714.JPG,1400.0,400.0
data\images\400_1400\IMG_5715.JPG,1400.0,400.0
data\images\400_1400\IMG_5716.JPG,1400.0,400.0
data\images\400_1400\IMG_5717.JPG,1400.0,400.0
data\images\400_1400\IMG_5718.JPG,1400.0,400.0
data\images\400_1400\IMG_5719.JPG,1400.0,400.0
data\images\400_1400\IMG_5720.JPG,1400.0,400.0
data\images\400_1400\IMG_5721.JPG,1400.0,400.0
data\images\400_1400\IMG_5722.JPG,1400.0,400.0
data\images\400_1400\IMG_5723.JPG,1400.0,400.0
data\images\400_1400\IMG_5724.JPG,1400.0,400.0
data\images\400_1400\IMG_5725.JPG,1400.0,400.0
data\images\400_1400\IMG_5726.JPG,1400.0,400.0
data\images\400_1400\IMG_5727.JPG,1400.0,400.0
data\images\400_1400\IMG_5728.JPG,1400.0,400.0
data\images\400_1400\IMG_5729.JPG,1400.0,400.0
data\images\400_1400\IMG_5730.JPG,1400.0,400.0
data\images\400_1400\IMG_5731.JPG,1400.0,400.0
data\images\400_1400\IMG_5732.JPG,1400.0,400.0
data\images\400_1400\IMG_5733.JPG,1400.0,400.0
data\images\400_1400\IMG_5734.JPG,1400.0,400.0
data\images\400_1400\IMG_5735.JPG,1400.0,400.0
data\images\400_1400\IMG_5736.JPG,1400.0,400.0
data\images\400_1400\IMG_5737.JPG,1400.0,400.0
data\images\400_1400\IMG_5738.JPG,1400.0,400.0
data\images\400_1400\IMG_5739.JPG,1400.0,400.0
data\images\400_1400\IMG_5740.JPG,1400.0,400.0
data\images\400_1400\IMG_5741.JPG,1400.0,400.0
data\images\400_1400\IMG_5742.JPG,1400.0,400.0
data\images\400_1400\IMG_5743.JPG,1400.0,400.0
data\images\400_1400\IMG_5744.JPG,1400.0,400.0
data\images\400_1400\IMG_5745.JPG,1400.0,400.0
data\images\400_1400\IMG_5746.JPG,1400.0,400.0
data\images\400_1400\IMG_5747.JPG,1400.0,400.0
data\images\400_1400\IMG_5748.JPG,1400.0,400.0
data\images\400_1400\IMG_5749.JPG,1400.0,400.0
data\images\400_1400\IMG_5750.JPG,1400.0,400.0
data\images\400_1400\IMG_5751.JPG,1400.0,400.0
data\images\400_1400\IMG_5752.JPG,1400.0,400.0
data\images\400_1400\IMG_5753.JPG,1400.0,400.0
data\images\400_1400\IMG_5754.JPG,1400.0,400.0
data\images\400_1400\IMG_5755.JPG,1400.0,400.0
data\images\400_1400\IMG_5756.JPG,1400.0,400.0
data\images\400_1400\IMG_5757.JPG,1400.0,400.0
data\images\400_1400\IMG_5758.JPG,1400.0,400.0
data\images\400_1400\IMG_5759.JPG,1400.0,400.0
data\images\400_1400\IMG_5760.JPG,1400.0,400.0
data\images\400_1400\IMG_5761.JPG,1400.0,400.0
data\images\400_1400\IMG_5762.JPG,1400.0,400.0
data\images\400_1400\IMG_5763.JPG,1400.0,400.0
data\images\400_1400\IMG_5764.JPG,1400.0,400.0
data\images\400_1400\IMG_5765.JPG,1400.0,400.0
data\images\400_1400\IMG_5766.JPG,1400.0,400.0
data\images\400_1400\IMG_5767.JPG,1400.0,400.0
data\images\400_1400\IMG_5768.JPG,1400.0,400.0
data\images\400_1400\IMG_5769.JPG,1400.0,400.0
data\images\400_1400\IMG_5770.JPG,1400.0,400.0
data\images\400_1400\IMG_5771.JPG,1400.0,400.0
data\images\400_1400\IMG_5772.JPG,1400.0,400.0
data\images\400_1400\IMG_5773.JPG,1400.0,400.0
data\images\400_1400\IMG_5774.JPG,1400.0,400.0
data\images\400_1400\IMG_5775.JPG,1400.0,400.0
data\images\400_1400\IMG_5776.JPG,1400.0,400.0
data\images\400_1400\IMG_5777.JPG,1400.0,400.0
data\images\400_1400\IMG_5778.JPG,1400.0,400.0
data\images\400_1400\IMG_5779.JPG,1400.0,400.0
data\images\400_1400\IMG_5780.JPG,1400.0,400.0
data\images\400_1400\IMG_5781.JPG,1400.0,400.0
data\images\400_1400\IMG_5782.JPG,1400.0,400.0
data\images\400_1400\IMG_5783.JPG,1400.0,400.0
data\images\400_1400\IMG_5784.JPG,1400.0,400.0
data\images\400_1400\IMG_5785.JPG,1400.0,400.0
data\images\400_1400\IMG_5786.JPG,1400.0,400.0
data\images\400_1400\IMG_5787.JPG,1400.0,400.0
data\images\400_1400\IMG_5788.JPG,1400.0,400.0
data\images\400_1400\IMG_5789.JPG,1400.0,400.0
data\images\400_1400\IMG_5790.JPG,1400.0,400.0
data\images\400_1400\IMG_5791.JPG,1400.0,400.0
data\images\400_1400\IMG_5792.JPG,1400.0,400.0
data\images\400_1400\IMG_5793.JPG,1400.0,400.0
data\images\400_1400\IMG_5794.JPG,1400.0,400.0
data\images\400_1400\IMG_5795.JPG,1400.0,400.0
data\images\400_1400\IMG_5796.JPG,1400.0,400.0
data\images\400_1400\IMG_5797.JPG,1400.0,400.0
data\images\400_1400\IMG_5798.JPG,1400.0,400.0
data\images\400_1400\IMG_5799.JPG,1400.0,400.0
data\images\400_1400\IMG_5800.JPG,1400.0,400.0
data\images\400_1400\IMG_5801.JPG,1400.0,400.0
data\images\400_1400\IMG_5802.JPG,1400.0,400.0
data\images\400_1400\IMG_5803.JPG,1400.0,400.0
data\images\400_1400\IMG_5804.JPG,1400.0,400.0
data\images\400_1400\IMG_5805.JPG,1400.0,400.0
data\images\400_1400\IMG_5806.JPG,1400.0,400.0
data\images\400_1400\IMG_5807.JPG,1400.0,400.0
data\images\400_1400\IMG_5808.JPG,1400.0,400.0
data\images\400_1400\IMG_5809.JPG,1400.0,400.0
data\images\400_1400\IMG_5810.JPG,1400.0,400.0
data\images\400_1400\IMG_5811.JPG,1400.0,400.0
data\images\400_1400\IMG_5812.JPG,1400.0,400.0
data\images\400_1400\IMG_5813.JPG,1400.0,400.0
data\images\400_1400\IMG_5814.JPG,1400.0,400.0
data\images\400_1400\IMG_5815.JPG,1400.0,400.0
data\images\400_1400\IMG_5816.JPG,1400.0,400.0
data\images\400_1400\IMG_5817.JPG,1400.0,400.0
data\images\400_1400\IMG_5818.JPG,1400.0,400.0
data\images\400_1400\IMG_5819.JPG,1400.0,400.0
data\images\400_1400\IMG_5820.JPG,1400.0,400.0
data\images\400_1400\IMG_5821.JPG,1400.0,400.0
data\images\400_1400\IMG_5822.JPG,1400.0,400.0
data\images\400_1400\IMG_5823.JPG,1400.0,400.0
data\images\400_1400\IMG_5824.JPG,1400.0,400.0
data\images\400_1400\IMG_5825.JPG,1400.0,400.0
data\images\400_1400\IMG_5826.JPG,1400.0,400.0
data\images\400_1400\IMG_5827.JPG,1400.0,400.0
data\images\400_1400\IMG_5828.JPG,1400.0,400.0
data\images\400_1400\IMG_5829.JPG,1400.0,400.0
data\images\400_1400\IMG_5830.JPG,1400.0,400.0
data\images\400_1400\IMG_5831.JPG,1400.0,400.0
data\images\400_1400\IMG_5832.JPG,1400.0,400.0
data\images\400_1400\IMG_5833.JPG,1400.0,400.0
data\images\400_1400\IMG_5834.JPG,1400.0,400.0
data\images\400_1400\IMG_5835.JPG,1400.0,400.0
data\images\400_1400\IMG_5836.JPG,1400.0,400.0
data\images\400_1400\IMG_5837.JPG,1400.0,400.0
data\images\400_1400\IMG_5838.JPG,1400.0,400.0
data\images\400_1400\IMG_5839.JPG,1400.0,400.0
data\images\400_1400\IMG_5840.JPG,1400.0,400.0
data\images\400_1400\IMG_5841.JPG,1400.0,400.0
data\images\400_1400\IMG_5842.JPG,1400.0,400.0
data\images\400_1400\IMG_5843.JPG,1400.0,400.0
data\images\400_1400\IMG_5844.JPG,1400.0,400.0
data\images\400_1400\IMG_5845.JPG,1400.0,400.0
data\images\400_1400\IMG_5846.JPG,1400.0,400.0
data\images\400_1400\IMG_5847.JPG,1400.0,400.0
data\images\400_1400\IMG_5849.JPG,1400.0,400.0
data\images\400_1400\IMG_5850.JPG,1400.0,400.0
data\images\400_1400\IMG_5851.JPG,1400.0,400.0
data\images\400_1400\IMG_5852.JPG,1400.0,400.0
data\images\400_1400\IMG_5853.JPG,1400.0,400.0
data\images\400_1400\IMG_5854.JPG,1400.0,400.0
data\images\400_1400\IMG_5855.JPG,1400.0,400.0
data\images\400_1400\IMG_5856.JPG,1400.0,400.0
data\images\400_1400\IMG_5857.JPG,1400.0,400.0
data\images\400_1400\IMG_5858.JPG,1400.0,400.0
data\images\400_1400\IMG_5859.JPG,1400.0,400.0
data\images\400_1400\IMG_5860.JPG,1400.0,400.0
data\images\400_1400\IMG_5861.JPG,1400.0,400.0
data\images\400_1400\IMG_5862.JPG,1400.0,400.0
data\images\400_1400\IMG_5863.JPG,1400.0,400.0
data\images\400_1400\IMG_5864.JPG,1400.0,400.0
data\images\400_1400\IMG_5865.JPG,1400.0,400.0
data\images\400_1400\IMG_5866.JPG,1400.0,400.0
data\images\400_1400\IMG_5867.JPG,1400.0,400.0
data\images\400_1400\IMG_5868.JPG,1400.0,400.0
data\images\400_1400\IMG_5869.JPG,1400.0,400.0
data\images\400_1400\IMG_5870.JPG,1400.0,400.0
data\images\400_1400\IMG_5871.JPG,1400.0,400.0
data\images\400_1400\IMG_5872.JPG,1400.0,400.0
data\images\400_1400\IMG_5873.JPG,1400.0,400.0
data\images\400_1400\IMG_5874.JPG,1400.0,400.0
data\images\400_1400\IMG_5875.JPG,1400.0,400.0
data\images\400_1400\IMG_5876.JPG,1400.0,400.0
data\images\400_1400\IMG_5877.JPG,1400.0,400.0
data\images\400_1400\IMG_5878.JPG,1400.0,400.0
data\images\400_1400\IMG_5879.JPG,1400.0,400.0
data\images\400_1400\IMG_5880.JPG,1400.0,400.0
data\images\400_1400\IMG_5881.JPG,1400.0,400.0
data\images\400_1400\IMG_5882.JPG,1400.0,400.0
data\images\400_1400\IMG_5883.JPG,1400.0,400.0
data\images\400_1400\IMG_5884.JPG,1400.0,400.0
data\images\400_1400\IMG_5885.JPG,1400.0,400.0
data\images\400_1400\IMG_5886.JPG,1400.0,400.0
data\images\400_1400\IMG_5887.JPG,1400.0,400.0
data\images\400_1400\IMG_5888.JPG,1400.0,400.0
data\images\400_1400\IMG_5889.JPG,1400.0,400.0
data\images\400_1400\IMG_5890.JPG,1400.0,400.0
data\images\400_1400\IMG_5891.JPG,1400.0,400.0
data\images\400_1400\IMG_5892.JPG,1400.0,400.0
data\images\400_1400\IMG_5893.JPG,1400.0,400.0
data\images\400_1400\IMG_5894.JPG,1400.0,400.0
data\images\400_1400\IMG_5895.JPG,1400.0,400.0
data\images\400_1400\IMG_5896.JPG,1400.0,400.0
data\images\400_1400\IMG_5897.JPG,1400.0,400.0
data\images\400_1400\IMG_5898.JPG,1400.0,400.0
data\images\400_1400\IMG_5899.JPG,1400.0,400.0
data\images\400_1400\IMG_5900.JPG,1400.0,400.0
data\images\400_1400\IMG_5901.JPG,1400.0,400.0
data\images\400_1400\IMG_5902.JPG,1400.0,400.0
data\images\400_1400\IMG_5903.JPG,1400.0,400.0
data\images\400_1400\IMG_5904.JPG,1400.0,400.0
data\images\400_1400\IMG_5905.JPG,1400.0,400.0
data\images\400_1400\IMG_5906.JPG,1400.0,400.0
data\images\400_1400\IMG_5907.JPG,1400.0,400.0
data\images\400_1400\IMG_5908.JPG,1400.0,400.0
data\images\400_1400\IMG_5909.JPG,1400.0,400.0
data\images\400_1400\IMG_5910.JPG,1400.0,400.0
data\images\400_1400\IMG_5911.JPG,1400.0,400.0
data\images\400_1400\IMG_5912.JPG,1400.0,400.0
data\images\400_1400\IMG_5913.JPG,1400.0,400.0
data\images\400_1400\IMG_5914.JPG,1400.0,400.0
data\images\400_1400\IMG_5915.JPG,1400.0,400.0
data\images\400_1400\IMG_5916.JPG,1400.0,400.0
data\images\400_1400\IMG_5917.JPG,1400.0,400.0
data\images\400_1400\IMG_5918.JPG,1400.0,400.0
data\images\400_1400\IMG_5919.JPG,1400.0,400.0
data\images\400_1400\IMG_5920.JPG,1400.0,400.0
data\images\400_1400\IMG_5921.JPG,1400.0,400.0
data\images\400_1400\IMG_5922.JPG,1400.0,400.0
data\images\400_1400\IMG_5923.JPG,1400.0,400.0
data\images\400_1400\IMG_5924.JPG,1400.0,400.0
data\images\400_1400\IMG_5925.JPG,1400.0,400.0
data\images\400_1400\IMG_5926.JPG,1400.0,400.0
data\images\400_1400\IMG_5927.JPG,1400.0,400.0
data\images\400_1400\IMG_5928.JPG,1400.0,400.0
data\images\400_1400\IMG_5929.JPG,1400.0,400.0
data\images\400_1400\IMG_5930.JPG,1400.0,400.0
data\images\400_1400\IMG_5931.JPG,1400.0,400.0
data\images\400_1400\IMG_5932.JPG,1400.0,400.0
data\images\400_1400\IMG_5933.JPG,1400.0,400.0
data\images\400_1400\IMG_5934.JPG,1400.0,400.0
data\images\400_1400\IMG_5935.JPG,1400.0,400.0
data\images\400_1400\IMG_5936.JPG,1400.0,400.0
data\images\400_1400\IMG_5937.JPG,1400.0,400.0
data\images\400_1400\IMG_5938.JPG,1400.0,400.0
data\images\400_1400\IMG_5939.JPG,1400.0,400.0
data\images\400_1400\IMG_5940.JPG,1400.0,400.0
data\images\400_1400\IMG_5941.JPG,1400.0,400.0
data\images\400_1400\IMG_5942.JPG,1400.0,400.0
data\images\400_1400\IMG_5943.JPG,1400.0,400.0
data\images\400_1400\IMG_5944.JPG,1400.0,400.0
data\images\400_1400\IMG_5945.JPG,1400.0,400.0
data\images\400_1400\IMG_5946.JPG,1400.0,400.0
data\images\400_1400\IMG_5947.JPG,1400.0,400.0
data\images\400_1400\IMG_5948.JPG,1400.0,400.0
data\images\400_1400\IMG_5949.JPG,1400.0,400.0
data\images\400_1400\IMG_5950.JPG,1400.0,400.0
data\images\400_1400\IMG_5951.JPG,1400.0,400.0
data\images\400_1600\IMG_5953.JPG,1600.0,400.0
data\images\400_1600\IMG_5954.JPG,1600.0,400.0
data\images\400_1600\IMG_5955.JPG,1600.0,400.0
data\images\400_1600\IMG_5956.JPG,1600.0,400.0
data\images\400_1600\IMG_5957.JPG,1600.0,400.0
data\images\400_1600\IMG_5958.JPG,1600.0,400.0
data\images\400_1600\IMG_5959.JPG,1600.0,400.0
data\images\400_1600\IMG_5960.JPG,1600.0,400.0
data\images\400_1600\IMG_5961.JPG,1600.0,400.0
data\images\400_1600\IMG_5962.JPG,1600.0,400.0
data\images\400_1600\IMG_5963.JPG,1600.0,400.0
data\images\400_1600\IMG_5964.JPG,1600.0,400.0
data\images\400_1600\IMG_5965.JPG,1600.0,400.0
data\images\400_1600\IMG_5966.JPG,1600.0,400.0
data\images\400_1600\IMG_5967.JPG,1600.0,400.0
data\images\400_1600\IMG_5968.JPG,1600.0,400.0
data\images\400_1600\IMG_5969.JPG,1600.0,400.0
data\images\400_1600\IMG_5970.JPG,1600.0,400.0
data\images\400_1600\IMG_5971.JPG,1600.0,400.0
data\images\400_1600\IMG_5972.JPG,1600.0,400.0
data\images\400_1600\IMG_5973.JPG,1600.0,400.0
data\images\400_1600\IMG_5974.JPG,1600.0,400.0
data\images\400_1600\IMG_5975.JPG,1600.0,400.0
data\images\400_1600\IMG_5976.JPG,1600.0,400.0
data\images\400_1600\IMG_5977.JPG,1600.0,400.0
data\images\400_1600\IMG_5978.JPG,1600.0,400.0
data\images\400_1600\IMG_5979.JPG,1600.0,400.0
data\images\400_1600\IMG_5980.JPG,1600.0,400.0
data\images\400_1600\IMG_5981.JPG,1600.0,400.0
data\images\400_1600\IMG_5982.JPG,1600.0,400.0
data\images\400_1600\IMG_5983.JPG,1600.0,400.0
data\images\400_1600\IMG_5984.JPG,1600.0,400.0
data\images\400_1600\IMG_5985.JPG,1600.0,400.0
data\images\400_1600\IMG_5986.JPG,1600.0,400.0
data\images\400_1600\IMG_5987.JPG,1600.0,400.0
data\images\400_1600\IMG_5988.JPG,1600.0,400.0
data\images\400_1600\IMG_5989.JPG,1600.0,400.0
data\images\400_1600\IMG_5990.JPG,1600.0,400.0
data\images\400_1600\IMG_5991.JPG,1600.0,400.0
data\images\400_1600\IMG_5992.JPG,1600.0,400.0
data\images\400_1600\IMG_5993.JPG,1600.0,400.0
data\images\400_1600\IMG_5994.JPG,1600.0,400.0
data\images\400_1600\IMG_5995.JPG,1600.0,400.0
data\images\400_1600\IMG_5996.JPG,1600.0,400.0
data\images\400_1600\IMG_5997.JPG,1600.0,400.0
data\images\400_1600\IMG_5998.JPG,1600.0,400.0
data\images\400_1600\IMG_5999.JPG,1600.0,400.0
data\images\400_1600\IMG_6000.JPG,1600.0,400.0
data\images\400_1600\IMG_6001.JPG,1600.0,400.0
data\images\400_1600\IMG_6002.JPG,1600.0,400.0
data\images\400_1600\IMG_6003.JPG,1600.0,400.0
data\images\400_1600\IMG_6004.JPG,1600.0,400.0
data\images\400_1600\IMG_6005.JPG,1600.0,400.0
data\images\400_1600\IMG_6006.JPG,1600.0,400.0
data\images\400_1600\IMG_6007.JPG,1600.0,400.0
data\images\400_1600\IMG_6008.JPG,1600.0,400.0
data\images\400_1600\IMG_6009.JPG,1600.0,400.0
data\images\400_1600\IMG_6010.JPG,1600.0,400.0
data\images\400_1600\IMG_6011.JPG,1600.0,400.0
data\images\400_1600\IMG_6012.JPG,1600.0,400.0
data\images\400_1600\IMG_6013.JPG,1600.0,400.0
data\images\400_1600\IMG_6014.JPG,1600.0,400.0
data\images\400_1600\IMG_6015.JPG,1600.0,400.0
data\images\400_1600\IMG_6016.JPG,1600.0,400.0
data\images\400_1600\IMG_6017.JPG,1600.0,400.0
data\images\400_1600\IMG_6018.JPG,1600.0,400.0
data\images\400_1600\IMG_6019.JPG,1600.0,400.0
data\images\400_1600\IMG_6020.JPG,1600.0,400.0
data\images\400_1600\IMG_6021.JPG,1600.0,400.0
data\images\400_1600\IMG_6022.JPG,1600.0,400.0
data\images\400_1600\IMG_6023.JPG,1600.0,400.0
data\images\400_1600\IMG_6024.JPG,1600.0,400.0
data\images\400_1600\IMG_6025.JPG,1600.0,400.0
data\images\400_1600\IMG_6026.JPG,1600.0,400.0
data\images\400_1600\IMG_6027.JPG,1600.0,400.0
data\images\400_1600\IMG_6028.JPG,1600.0,400.0
data\images\400_1600\IMG_6029.JPG,1600.0,400.0
data\images\400_1600\IMG_6030.JPG,1600.0,400.0
data\images\400_1600\IMG_6031.JPG,1600.0,400.0
data\images\400_1600\IMG_6032.JPG,1600.0,400.0
data\images\400_1600\IMG_6033.JPG,1600.0,400.0
data\images\400_1600\IMG_6034.JPG,1600.0,400.0
data\images\400_1600\IMG_6035.JPG,1600.0,400.0
data\images\400_1600\IMG_6036.JPG,1600.0,400.0
data\images\400_1600\IMG_6037.JPG,1600.0,400.0
data\images\400_1600\IMG_6038.JPG,1600.0,400.0
data\images\400_1600\IMG_6039.JPG,1600.0,400.0
data\images\400_1600\IMG_6040.JPG,1600.0,400.0
data\images\400_1600\IMG_6041.JPG,1600.0,400.0
data\images\400_1600\IMG_6042.JPG,1600.0,400.0
data\images\400_1600\IMG_6043.JPG,1600.0,400.0
data\images\400_1600\IMG_6044.JPG,1600.0,400.0
data\images\400_1600\IMG_6045.JPG,1600.0,400.0
data\images\400_1600\IMG_6046.JPG,1600.0,400.0
data\images\400_1600\IMG_6047.JPG,1600.0,400.0
data\images\400_1600\IMG_6048.JPG,1600.0,400.0
data\images\400_1600\IMG_6049.JPG,1600.0,400.0
data\images\400_1600\IMG_6050.JPG,1600.0,400.0
data\images\400_1600\IMG_6051.JPG,1600.0,400.0
data\images\400_1600\IMG_6052.JPG,1600.0,400.0
data\images\400_1600\IMG_6053.JPG,1600.0,400.0
data\images\400_1600\IMG_6054.JPG,1600.0,400.0
data\images\400_1600\IMG_6055.JPG,1600.0,400.0
data\images\400_1600\IMG_6056.JPG,1600.0,400.0
data\images\400_1600\IMG_6057.JPG,1600.0,400.0
data\images\400_1600\IMG_6058.JPG,1600.0,400.0
data\images\400_1600\IMG_6059.JPG,1600.0,400.0
data\images\400_1600\IMG_6060.JPG,1600.0,400.0
data\images\400_1600\IMG_6061.JPG,1600.0,400.0
data\images\400_1600\IMG_6062.JPG,1600.0,400.0
data\images\400_1600\IMG_6063.JPG,1600.0,400.0
data\images\400_1600\IMG_6064.JPG,1600.0,400.0
data\images\400_1600\IMG_6065.JPG,1600.0,400.0
data\images\400_1600\IMG_6066.JPG,1600.0,400.0
data\images\400_1600\IMG_6067.JPG,1600.0,400.0
data\images\400_1600\IMG_6068.JPG,1600.0,400.0
data\images\400_1600\IMG_6069.JPG,1600.0,400.0
data\images\400_1600\IMG_6070.JPG,1600.0,400.0
data\images\400_1600\IMG_6071.JPG,1600.0,400.0
data\images\400_1600\IMG_6072.JPG,1600.0,400.0
data\images\400_1600\IMG_6073.JPG,1600.0,400.0
data\images\400_1600\IMG_6074.JPG,1600.0,400.0
data\images\400_1600\IMG_6075.JPG,1600.0,400.0
data\images\400_1600\IMG_6076.JPG,1600.0,400.0
data\images\400_1600\IMG_6077.JPG,1600.0,400.0
data\images\400_1600\IMG_6078.JPG,1600.0,400.0
data\images\400_1600\IMG_6079.JPG,1600.0,400.0
data\images\400_1600\IMG_6080.JPG,1600.0,400.0
data\images\400_1600\IMG_6081.JPG,1600.0,400.0
data\images\400_1600\IMG_6082.JPG,1600.0,400.0
data\images\400_1600\IMG_6083.JPG,1600.0,400.0
data\images\400_1600\IMG_6084.JPG,1600.0,400.0
data\images\400_1600\IMG_6085.JPG,1600.0,400.0
data\images\400_1600\IMG_6086.JPG,1600.0,400.0
data\images\400_1600\IMG_6087.JPG,1600.0,400.0
data\images\400_1600\IMG_6088.JPG,1600.0,400.0
data\images\400_1600\IMG_6089.JPG,1600.0,400.0
data\images\400_1600\IMG_6090.JPG,1600.0,400.0
data\images\400_1600\IMG_6091.JPG,1600.0,400.0
data\images\400_1600\IMG_6092.JPG,1600.0,400.0
data\images\400_1600\IMG_6093.JPG,1600.0,400.0
data\images\400_1600\IMG_6094.JPG,1600.0,400.0
data\images\400_1600\IMG_6095.JPG,1600.0,400.0
data\images\400_1600\IMG_6096.JPG,1600.0,400.0
data\images\400_1600\IMG_6097.JPG,1600.0,400.0
data\images\400_1600\IMG_6098.JPG,1600.0,400.0
data\images\400_1600\IMG_6099.JPG,1600.0,400.0
data\images\400_1600\IMG_6100.JPG,1600.0,400.0
data\images\400_1600\IMG_6101.JPG,1600.0,400.0
data\images\400_1600\IMG_6102.JPG,1600.0,400.0
data\images\400_1600\IMG_6103.JPG,1600.0,400.0
data\images\400_1600\IMG_6104.JPG,1600.0,400.0
data\images\400_1600\IMG_6105.JPG,1600.0,400.0
data\images\400_1600\IMG_6106.JPG,1600.0,400.0
data\images\400_1600\IMG_6107.JPG,1600.0,400.0
data\images\400_1600\IMG_6108.JPG,1600.0,400.0
data\images\400_1600\IMG_6109.JPG,1600.0,400.0
data\images\400_1600\IMG_6110.JPG,1600.0,400.0
data\images\400_1600\IMG_6111.JPG,1600.0,400.0
data\images\400_1600\IMG_6112.JPG,1600.0,400.0
data\images\400_1600\IMG_6113.JPG,1600.0,400.0
data\images\400_1600\IMG_6114.JPG,1600.0,400.0
data\images\400_1600\IMG_6115.JPG,1600.0,400.0
data\images\400_1600\IMG_6116.JPG,1600.0,400.0
data\images\400_1600\IMG_6117.JPG,1600.0,400.0
data\images\400_1600\IMG_6118.JPG,1600.0,400.0
data\images\400_1600\IMG_6119.JPG,1600.0,400.0
data\images\400_1600\IMG_6120.JPG,1600.0,400.0
data\images\400_1600\IMG_6121.JPG,1600.0,400.0
data\images\400_1600\IMG_6122.JPG,1600.0,400.0
data\images\400_1600\IMG_6123.JPG,1600.0,400.0
data\images\400_1600\IMG_6124.JPG,1600.0,400.0
data\images\400_1600\IMG_6125.JPG,1600.0,400.0
data\images\400_1600\IMG_6126.JPG,1600.0,400.0
data\images\400_1600\IMG_6127.JPG,1600.0,400.0
data\images\400_1600\IMG_6128.JPG,1600.0,400.0
data\images\400_1600\IMG_6129.JPG,1600.0,400.0
data\images\400_1600\IMG_6130.JPG,1600.0,400.0
data\images\400_1600\IMG_6131.JPG,1600.0,400.0
data\images\400_1600\IMG_6132.JPG,1600.0,400.0
data\images\400_1600\IMG_6133.JPG,1600.0,400.0
data\images\400_1600\IMG_6134.JPG,1600.0,400.0
data\images\400_1600\IMG_6135.JPG,1600.0,400.0
data\images\400_1600\IMG_6136.JPG,1600.0,400.0
data\images\400_1600\IMG_6137.JPG,1600.0,400.0
data\images\400_1600\IMG_6138.JPG,1600.0,400.0
data\images\400_1600\IMG_6139.JPG,1600.0,400.0
data\images\400_1600\IMG_6140.JPG,1600.0,400.0
data\images\400_1600\IMG_6141.JPG,1600.0,400.0
data\images\400_1600\IMG_6142.JPG,1600.0,400.0
data\images\400_1600\IMG_6143.JPG,1600.0,400.0
data\images\400_1600\IMG_6144.JPG,1600.0,400.0
data\images\400_1600\IMG_6145.JPG,1600.0,400.0
data\images\400_1600\IMG_6146.JPG,1600.0,400.0
data\images\400_1600\IMG_6147.JPG,1600.0,400.0
data\images\400_1600\IMG_6148.JPG,1600.0,400.0
data\images\400_1800\IMG_6150.JPG,1800.0,400.0
data\images\400_1800\IMG_6151.JPG,1800.0,400.0
data\images\400_1800\IMG_6152.JPG,1800.0,400.0
data\images\400_1800\IMG_6153.JPG,1800.0,400.0
data\images\400_1800\IMG_6154.JPG,1800.0,400.0
data\images\400_1800\IMG_6155.JPG,1800.0,400.0
data\images\400_1800\IMG_6156.JPG,1800.0,400.0
data\images\400_1800\IMG_6157.JPG,1800.0,400.0
data\images\400_1800\IMG_6158.JPG,1800.0,400.0
data\images\400_1800\IMG_6159.JPG,1800.0,400.0
data\images\400_1800\IMG_6160.JPG,1800.0,400.0
data\images\400_1800\IMG_6161.JPG,1800.0,400.0
data\images\400_1800\IMG_6162.JPG,1800.0,400.0
data\images\400_1800\IMG_6163.JPG,1800.0,400.0
data\images\400_1800\IMG_6164.JPG,1800.0,400.0
data\images\400_1800\IMG_6165.JPG,1800.0,400.0
data\images\400_1800\IMG_6166.JPG,1800.0,400.0
data\images\400_1800\IMG_6167.JPG,1800.0,400.0
data\images\400_1800\IMG_6168.JPG,1800.0,400.0
data\images\400_1800\IMG_6169.JPG,1800.0,400.0
data\images\400_1800\IMG_6170.JPG,1800.0,400.0
data\images\400_1800\IMG_6171.JPG,1800.0,400.0
data\images\400_1800\IMG_6172.JPG,1800.0,400.0
data\images\400_1800\IMG_6173.JPG,1800.0,400.0
data\images\400_1800\IMG_6174.JPG,1800.0,400.0
data\images\400_1800\IMG_6175.JPG,1800.0,400.0
data\images\400_1800\IMG_6176.JPG,1800.0,400.0
data\images\400_1800\IMG_6177.JPG,1800.0,400.0
data\images\400_1800\IMG_6178.JPG,1800.0,400.0
data\images\400_1800\IMG_6179.JPG,1800.0,400.0
data\images\400_1800\IMG_6180.JPG,1800.0,400.0
data\images\400_1800\IMG_6181.JPG,1800.0,400.0
data\images\400_1800\IMG_6182.JPG,1800.0,400.0
data\images\400_1800\IMG_6183.JPG,1800.0,400.0
data\images\400_1800\IMG_6184.JPG,1800.0,400.0
data\images\400_1800\IMG_6185.JPG,1800.0,400.0
data\images\400_1800\IMG_6186.JPG,1800.0,400.0
data\images\400_1800\IMG_6187.JPG,1800.0,400.0
data\images\400_1800\IMG_6188.JPG,1800.0,400.0
data\images\400_1800\IMG_6189.JPG,1800.0,400.0
data\images\400_1800\IMG_6190.JPG,1800.0,400.0
data\images\400_1800\IMG_6191.JPG,1800.0,400.0
data\images\400_1800\IMG_6192.JPG,1800.0,400.0
data\images\400_1800\IMG_6193.JPG,1800.0,400.0
data\images\400_1800\IMG_6194.JPG,1800.0,400.0
data\images\400_1800\IMG_6195.JPG,1800.0,400.0
data\images\400_1800\IMG_6196.JPG,1800.0,400.0
data\images\400_1800\IMG_6197.JPG,1800.0,400.0
data\images\400_1800\IMG_6198.JPG,1800.0,400.0
data\images\400_1800\IMG_6199.JPG,1800.0,400.0
data\images\400_1800\IMG_6200.JPG,1800.0,400.0
data\images\400_1800\IMG_6201.JPG,1800.0,400.0
data\images\400_1800\IMG_6202.JPG,1800.0,400.0
data\images\400_1800\IMG_6203.JPG,1800.0,400.0
data\images\400_1800\IMG_6204.JPG,1800.0,400.0
data\images\400_1800\IMG_6205.JPG,1800.0,400.0
data\images\400_1800\IMG_6206.JPG,1800.0,400.0
data\images\400_1800\IMG_6207.JPG,1800.0,400.0
data\images\400_1800\IMG_6208.JPG,1800.0,400.0
data\images\400_800\IMG_5448.JPG,800.0,400.0
data\images\400_800\IMG_5449.JPG,800.0,400.0
data\images\400_800\IMG_5450.JPG,800.0,400.0
data\images\400_800\IMG_5451.JPG,800.0,400.0
data\images\400_800\IMG_5452.JPG,800.0,400.0
data\images\400_800\IMG_5453.JPG,800.0,400.0
data\images\400_800\IMG_5454.JPG,800.0,400.0
data\images\400_800\IMG_5455.JPG,800.0,400.0
data\images\400_800\IMG_5456.JPG,800.0,400.0
data\images\400_800\IMG_5457.JPG,800.0,400.0
data\images\400_800\IMG_5458.JPG,800.0,400.0
data\images\400_800\IMG_5459.JPG,800.0,400.0
data\images\600_1000\IMG_6452.JPG,1000.0,600.0
data\images\600_1000\IMG_6453.JPG,1000.0,600.0
data\images\600_1000\IMG_6454.JPG,1000.0,600.0
data\images\600_1000\IMG_6455.JPG,1000.0,600.0
data\images\600_1200\IMG_6457.JPG,1200.0,600.0
data\images\600_1200\IMG_6458.JPG,1200.0,600.0
data\images\600_1200\IMG_6459.JPG,1200.0,600.0
data\images\600_1200\IMG_6460.JPG,1200.0,600.0
data\images\600_1200\IMG_6461.JPG,1200.0,600.0
data\images\600_1200\IMG_6462.JPG,1200.0,600.0
data\images\600_1200\IMG_6463.JPG,1200.0,600.0
data\images\600_1200\IMG_6464.JPG,1200.0,600.0
data\images\600_1200\IMG_6465.JPG,1200.0,600.0
data\images\600_1200\IMG_6466.JPG,1200.0,600.0
data\images\600_1200\IMG_6467.JPG,1200.0,600.0
data\images\600_1200\IMG_6468.JPG,1200.0,600.0
data\images\600_1200\IMG_6469.JPG,1200.0,600.0
data\images\600_1400\IMG_6471.JPG,1400.0,600.0
data\images\600_1400\IMG_6472.JPG,1400.0,600.0
data\images\600_1400\IMG_6473.JPG,1400.0,600.0
data\images\600_1400\IMG_6474.JPG,1400.0,600.0
data\images\600_1400\IMG_6475.JPG,1400.0,600.0
data\images\600_1400\IMG_6476.JPG,1400.0,600.0
data\images\600_1600\IMG_6478.JPG,1600.0,600.0
data\images\600_1600\IMG_6479.JPG,1600.0,600.0
data\images\600_1600\IMG_6480.JPG,1600.0,600.0
data\images\600_1600\IMG_6481.JPG,1600.0,600.0
data\images\600_1600\IMG_6482.JPG,1600.0,600.0
data\images\600_1600\IMG_6483.JPG,1600.0,600.0
data\images\600_1600\IMG_6484.JPG,1600.0,600.0
data\images\600_1600\IMG_6485.JPG,1600.0,600.0
data\images\600_1600\IMG_6486.JPG,1600.0,600.0
data\images\600_1600\IMG_6487.JPG,1600.0,600.0
data\images\600_1600\IMG_6488.JPG,1600.0,600.0
data\images\600_1600\IMG_6489.JPG,1600.0,600.0
data\images\600_1600\IMG_6490.JPG,1600.0,600.0
data\images\600_1800\IMG_6492.JPG,1800.0,600.0
data\images\600_1800\IMG_6493.JPG,1800.0,600.0
data\images\600_1800\IMG_6494.JPG,1800.0,600.0
data\images\600_1800\IMG_6495.JPG,1800.0,600.0
data\images\600_1800\IMG_6496.JPG,1800.0,600.0
data\images\600_1800\IMG_6497.JPG,1800.0,600.0
data\images\600_1800\IMG_6498.JPG,1800.0,600.0
data\images\600_1800\IMG_6499.JPG,1800.0,600.0
data\images\600_1800\IMG_6500.JPG,1800.0,600.0
data\images\600_1800\IMG_6501.JPG,1800.0,600.0
data\images\600_1800\IMG_6502.JPG,1800.0,600.0
data\images\600_800\IMG_6446.JPG,800.0,600.0
data\images\600_800\IMG_6447.JPG,800.0,600.0
data\images\600_800\IMG_6448.JPG,800.0,600.0
data\images\600_800\IMG_6449.JPG,800.0,600.0
data\images\600_800\IMG_6450.JPG,800.0,600.0
data\images\800_1000\IMG_6504.JPG,1000.0,800.0
data\images\800_1000\IMG_6505.JPG,1000.0,800.0
data\images\800_1000\IMG_6506.JPG,1000.0,800.0
data\images\800_1000\IMG_6507.JPG,1000.0,800.0
data\images\800_1000\IMG_6508.JPG,1000.0,800.0
data\images\800_1000\IMG_6509.JPG,1000.0,800.0
data\images\800_1000\IMG_6510.JPG,1000.0,800.0
data\images\800_1000\IMG_6511.JPG,1000.0,800.0
data\images\800_1000\IMG_6512.JPG,1000.0,800.0
data\images\800_1000\IMG_6513.JPG,1000.0,800.0
data\images\800_1000\IMG_6514.JPG,1000.0,800.0
data\images\800_1000\IMG_6515.JPG,1000.0,800.0
data\images\800_1000\IMG_6516.JPG,1000.0,800.0
data\images\800_1000\IMG_6517.JPG,1000.0,800.0
data\images\800_1000\IMG_6518.JPG,1000.0,800.0
data\images\800_1000\IMG_6519.JPG,1000.0,800.0
data\images\800_1000\IMG_6520.JPG,1000.0,800.0
data\images\800_1000\IMG_6521.JPG,1000.0,800.0
data\images\800_1000\IMG_6522.JPG,1000.0,800.0
data\images\800_1000\IMG_6523.JPG,1000.0,800.0
data\images\800_1000\IMG_6524.JPG,1000.0,800.0
data\images\800_1000\IMG_6525.JPG,1000.0,800.0
data\images\800_1000\IMG_6526.JPG,1000.0,800.0
data\images\800_1000\IMG_6527.JPG,1000.0,800.0
data\images\800_1000\IMG_6528.JPG,1000.0,800.0
data\images\800_1000\IMG_6529.JPG,1000.0,800.0
data\images\800_1000\IMG_6530.JPG,1000.0,800.0
data\images\800_1000\IMG_6531.JPG,1000.0,800.0
data\images\800_1000\IMG_6532.JPG,1000.0,800.0
data\images\800_1000\IMG_6533.JPG,1000.0,800.0
data\images\800_1000\IMG_6534.JPG,1000.0,800.0
data\images\800_1000\IMG_6535.JPG,1000.0,800.0
data\images\800_1000\IMG_6536.JPG,1000.0,800.0
data\images\800_1000\IMG_6537.JPG,1000.0,800.0
data\images\800_1200\IMG_6539.JPG,1200.0,800.0
data\images\800_1200\IMG_6540.JPG,1200.0,800.0
data\images\800_1200\IMG_6541.JPG,1200.0,800.0
data\images\800_1200\IMG_6542.JPG,1200.0,800.0
data\images\800_1200\IMG_6543.JPG,1200.0,800.0
data\images\800_1200\IMG_6544.JPG,1200.0,800.0
data\images\800_1200\IMG_6545.JPG,1200.0,800.0
data\images\800_1200\IMG_6546.JPG,1200.0,800.0
data\images\800_1200\IMG_6547.JPG,1200.0,800.0
data\images\800_1200\IMG_6548.JPG,1200.0,800.0
data\images\800_1200\IMG_6549.JPG,1200.0,800.0
data\images\800_1200\IMG_6550.JPG,1200.0,800.0
data\images\800_1400\IMG_6552.JPG,1400.0,800.0
data\images\800_1400\IMG_6553.JPG,1400.0,800.0
data\images\800_1400\IMG_6554.JPG,1400.0,800.0
data\images\800_1400\IMG_6555.JPG,1400.0,800.0
data\images\800_1400\IMG_6556.JPG,1400.0,800.0
data\images\800_1400\IMG_6557.JPG,1400.0,800.0
data\images\800_1400\IMG_6558.JPG,1400.0,800.0
data\images\800_1400\IMG_6559.JPG,1400.0,800.0
data\images\800_1400\IMG_6560.JPG,1400.0,800.0
data\images\800_1400\IMG_6561.JPG,1400.0,800.0
data\images\800_1400\IMG_6562.JPG,1400.0,800.0
data\images\800_1400\IMG_6563.JPG,1400.0,800.0
data\images\800_1400\IMG_8228.JPG,1400.0,800.0
data\images\800_1400\IMG_8229.JPG,1400.0,800.0
data\images\800_1400\IMG_8230.JPG,1400.0,800.0
data\images\800_1400\IMG_8231.JPG,1400.0,800.0
data\images\800_1400\IMG_8232.JPG,1400.0,800.0
data\images\800_1400\IMG_8233.JPG,1400.0,800.0
data\images\800_1400\IMG_8234.JPG,1400.0,800.0
data\images\800_1400\IMG_8235.JPG,1400.0,800.0
data\images\800_1400\IMG_8236.JPG,1400.0,800.0
data\images\800_1400\IMG_8237.JPG,1400.0,800.0
data\images\800_1400\IMG_8238.JPG,1400.0,800.0
data\images\800_1400\IMG_8239.JPG,1400.0,800.0
data\images\800_1400\IMG_8240.JPG,1400.0,800.0
data\images\800_1400\IMG_8241.JPG,1400.0,800.0
data\images\800_1400\IMG_8242.JPG,1400.0,800.0
data\images\800_1400\IMG_8243.JPG,1400.0,800.0
data\images\800_1400\IMG_8244.JPG,1400.0,800.0
data\images\800_1400\IMG_8245.JPG,1400.0,800.0
data\images\800_1400\IMG_8246.JPG,1400.0,800.0
data\images\800_1400\IMG_8247.JPG,1400.0,800.0
data\images\800_1600\IMG_6565.JPG,1600.0,800.0
data\images\800_1600\IMG_6566.JPG,1600.0,800.0
data\images\800_1600\IMG_6567.JPG,1600.0,800.0
data\images\800_1600\IMG_6568.JPG,1600.0,800.0
data\images\800_1600\IMG_6569.JPG,1600.0,800.0
data\images\800_1600\IMG_6570.JPG,1600.0,800.0
data\images\800_1600\IMG_6571.JPG,1600.0,800.0
data\images\800_1600\IMG_6572.JPG,1600.0,800.0
data\images\800_1600\IMG_8249.JPG,1600.0,800.0
data\images\800_1600\IMG_8250.JPG,1600.0,800.0
data\images\800_1600\IMG_8251.JPG,1600.0,800.0
data\images\800_1600\IMG_8252.JPG,1600.0,800.0
data\images\800_1600\IMG_8253.JPG,1600.0,800.0
data\images\800_1600\IMG_8254.JPG,1600.0,800.0
data\images\800_1600\IMG_8255.JPG,1600.0,800.0
data\images\800_1600\IMG_8256.JPG,1600.0,800.0
data\images\800_1600\IMG_8257.JPG,1600.0,800.0
data\images\800_1600\IMG_8258.JPG,1600.0,800.0
data\images\800_1600\IMG_8259.JPG,1600.0,800.0
data\images\800_1600\IMG_8260.JPG,1600.0,800.0
data\images\800_1600\IMG_8261.JPG,1600.0,800.0
data\images\800_1600\IMG_8262.JPG,1600.0,800.0
data\images\800_1600\IMG_8263.JPG,1600.0,800.0
data\images\800_1600\IMG_8264.JPG,1600.0,800.0
data\images\800_1600\IMG_8265.JPG,1600.0,800.0
data\images\800_1600\IMG_8266.JPG,1600.0,800.0
data\images\800_1600\IMG_8267.JPG,1600.0,800.0
data\images\800_1600\IMG_8268.JPG,1600.0,800.0
data\images\800_1600\IMG_8269.JPG,1600.0,800.0
data\images\800_1600\IMG_8270.JPG,1600.0,800.0
data\images\800_1600\IMG_8271.JPG,1600.0,800.0
data\images\800_1600\IMG_8272.JPG,1600.0,800.0
data\images\800_1600\IMG_8273.JPG,1600.0,800.0
data\images\800_1600\IMG_8274.JPG,1600.0,800.0
data\images\800_1600\IMG_8275.JPG,1600.0,800.0
data\images\800_1600\IMG_8276.JPG,1600.0,800.0
data\images\800_1600\IMG_8277.JPG,1600.0,800.0
data\images\800_1600\IMG_8278.JPG,1600.0,800.0
data\images\800_1600\IMG_8279.JPG,1600.0,800.0
data\images\800_1600\IMG_8280.JPG,1600.0,800.0
data\images\800_1600\IMG_8281.JPG,1600.0,800.0
data\images\800_1600\IMG_8282.JPG,1600.0,800.0
data\images\800_1600\IMG_8283.JPG,1600.0,800.0
data\images\800_1600\IMG_8284.JPG,1600.0,800.0
data\images\800_1600\IMG_8285.JPG,1600.0,800.0
data\images\800_1600\IMG_8286.JPG,1600.0,800.0
data\images\800_1600\IMG_8287.JPG,1600.0,800.0
data\images\800_1600\IMG_8288.JPG,1600.0,800.0
data\images\800_1600\IMG_8289.JPG,1600.0,800.0
data\images\800_1600\IMG_8290.JPG,1600.0,800.0
data\images\800_1600\IMG_8291.JPG,1600.0,800.0
data\images\800_1600\IMG_8292.JPG,1600.0,800.0
data\images\800_1600\IMG_8293.JPG,1600.0,800.0
data\images\800_1600\IMG_8294.JPG,1600.0,800.0
data\images\800_1600\IMG_8295.JPG,1600.0,800.0
data\images\800_1600\IMG_8296.JPG,1600.0,800.0
data\images\800_1600\IMG_8297.JPG,1600.0,800.0
data\images\800_1600\IMG_8298.JPG,1600.0,800.0
data\images\800_1600\IMG_8299.JPG,1600.0,800.0
data\images\800_1600\IMG_8300.JPG,1600.0,800.0
data\images\800_1800\IMG_6574.JPG,1800.0,800.0
data\images\800_1800\IMG_6575.JPG,1800.0,800.0
data\images\800_1800\IMG_6576.JPG,1800.0,800.0
data\images\800_1800\IMG_6577.JPG,1800.0,800.0
data\images\800_1800\IMG_6578.JPG,1800.0,800.0
data\images\800_1800\IMG_6579.JPG,1800.0,800.0
data\images\800_1800\IMG_6580.JPG,1800.0,800.0
data\images\800_1800\IMG_6581.JPG,1800.0,800.0
data\images\800_1800\IMG_6582.JPG,1800.0,800.0
data\images\800_1800\IMG_6583.JPG,1800.0,800.0
data\images\800_1800\IMG_6584.JPG,1800.0,800.0
data\images\800_1800\IMG_6585.JPG,1800.0,800.0
data\images\800_1800\IMG_6586.JPG,1800.0,800.0
data\images\800_1800\IMG_6587.JPG,1800.0,800.0
data\images\800_1800\IMG_6588.JPG,1800.0,800.0
data\images\800_1800\IMG_6589.JPG,1800.0,800.0
data\images\800_1800\IMG_6590.JPG,1800.0,800.0
data\images\800_2000\IMG_6592.JPG,2000.0,800.0
data\images\800_2000\IMG_6593.JPG,2000.0,800.0
data\images\800_2000\IMG_6594.JPG,2000.0,800.0
data\images\800_2000\IMG_6595.JPG,2000.0,800.0
data\images\800_2000\IMG_6596.JPG,2000.0,800.0
data\images\800_2000\IMG_6597.JPG,2000.0,800.0
data\images\800_2000\IMG_6598.JPG,2000.0,800.0
data\images\800_2000\IMG_6599.JPG,2000.0,800.0
data\images\800_2000\IMG_6600.JPG,2000.0,800.0
data\images\800_2000\IMG_6601.JPG,2000.0,800.0
data\images\800_2000\IMG_6602.JPG,2000.0,800.0
data\images\800_2000\IMG_6603.JPG,2000.0,800.0
data\images\800_2000\IMG_6604.JPG,2000.0,800.0
data\images\800_2000\IMG_6605.JPG,2000.0,800.0
data\images\800_2000\IMG_6606.JPG,2000.0,800.0
data\images\800_2000\IMG_6607.JPG,2000.0,800.0
data\images\800_2000\IMG_6608.JPG,2000.0,800.0
data\images\800_2000\IMG_6609.JPG,2000.0,800.0
